feat_id	symbol	description
gene-HI_0001	gapdH	glyceraldehyde-3-phosphate_dehydrogenase
gene-HI_0002	.	long_chain_fatty_acid_coA_ligase%2C_putative
gene-HI_0003	.	conserved_hypothetical_protein
gene-HI_0004	.	conserved_hypothetical_protein
gene-HI_0005	fdhD	fdhD_protein
gene-HI_0007	fdxH	formate_dehydrogenase%2C_beta_subunit
gene-HI_0008	fdxI	formate_dehydrogenase%2C_gamma_subunit
gene-HI_0009	fdhE	fdhE_protein
gene-HI_0010	rimI	ribosomal-protein-alanine_acetyltransferase
gene-HI_0011	holD	DNA_polymerase_III%2C_psi_subunit
gene-HI_0012	.	conserved_hypothetical_protein
gene-HI_0013	era	GTP-binding_protein
gene-HI_0014	rnc	ribonuclease_III
gene-HI_0015	lepB	signal_peptidase_I
gene-HI_0016	lepA	GTP-binding_membrane_protein
gene-HI_0017	.	conserved_hypothetical_protein
gene-HI_0018	ung	uracil_DNA_glycosylase
gene-HI_0019	.	conserved_hypothetical_protein
gene-HI_0020	.	transport_protein%2C_putative
gene-HI_0021	citG	citG_protein
gene-HI_0022	citF	citrate_lyase%2C_alpha_chain
gene-HI_0023	citE	citrate_lyase%2C_beta_chain
gene-HI_0024	citD	citrate_lyase%2C_gamma_chain
gene-HI_0025	citC	citrate_lyase_ligase
gene-HI_0026	lipA	lipoate_biosynthesis_protein_A
gene-HI_0027	lipB	lipoate_biosynthesis_protein_B
gene-HI_0028	.	conserved_hypothetical_protein
gene-HI_0029	dacA	penicillin-binding_protein_5
gene-HI_0030	.	lipoprotein%2C_putative
gene-HI_0031	rodA	rod_shape-determining_protein
gene-HI_0032	pbp2	penicillin-binding_protein_2
gene-HI_0033	.	conserved_hypothetical_protein
gene-HI_0034	.	conserved_hypothetical_protein
gene-HI_0035	.	conserved_hypothetical_protein
gene-HI_0036	.	ABC_transporter%2C_ATP-binding_protein
gene-HI_0037	mreB	rod_shape-determining_protein
gene-HI_0038	mreC	rod_shape-determining_protein
gene-HI_0039	mreD	rod_shape-determining_protein
gene-HI_0040	.	conserved_hypothetical_protein
gene-HI_0041	xthA	exodeoxyribonuclease_III
gene-HI_0042	.	conserved_hypothetical_protein
gene-HI_0043	.	conserved_hypothetical_transmembrane_protein
gene-HI_0044	.	conserved_hypothetical_transmembrane_protein
gene-HI_0045	.	conserved_hypothetical_protein
gene-HI_0046	phnA	alkylphosphonate_uptake_protein
gene-HI_0047	eda	4-hydroxy-2-oxoglutarate_aldolase/2-deydro-3-deoxyphosphogluconate_aldolase
gene-HI_0048	.	oxidoreductase
gene-HI_0049	kdgK	2-dehydro-3-deoxygluconokinase
gene-HI_0050	.	conserved_hypothetical_transmembrane_protein
gene-HI_0051	.	conserved_hypothetical_transmembrane_protein
gene-HI_0052	.	conserved_hypothetical_protein
gene-HI_0053	.	zinc-type_alcohol_dehydrogenase
gene-HI_0054	uxuR	uxu_operon_regulator
gene-HI_0055	uxuA	mannonate_dehydratase
gene-HI_0056	.	conserved_hypothetical_transmembrane_protein
gene-HI_0057	uvrC	excinuclease_ABC%2C_subunit_C
gene-HI_0058	kdsB	3-deoxy-D-manno-octulosonate_cytidylyltransferase
gene-HI_0059	.	conserved_hypothetical_protein
gene-HI_0060	msbA	ABC_transporter%2C_ATP-binding_protein
gene-HI_0061	rec2	recombination_protein
gene-HI_0062	dksA	dnaK_suppressor_protein
gene-HI_0063	pcnB	poly(A)_polymerase
gene-HI_0064	folK	2-amino-4-hydroxy-6-hydroxymethyldihydropteridine-pyrophosphokinase
gene-HI_0065	.	conserved_hypothetical_protein
gene-HI_0066	.	N-acetylmuramoyl-L-alanine_amidase%2C_putative
gene-HI_0067	mutL	DNA_mismatch_repair_protein
gene-HI_0068	trpX	tRNA_delta(2)-isopentenylpyrophosphate_transferase
gene-HI_0069	glnE	glutamate-ammonia-ligase_adenylyltransferase
gene-HI_0070	recN	DNA_repair_protein
gene-HI_0072	.	conserved_hypothetical_protein
gene-HI_0071	grpE	heat_shock_protein
gene-HI_0073	.	predicted_coding_region_HI0073
gene-HI_0074	.	predicted_coding_region_HI0074
gene-HI_0075	nrdD	anaerobic_ribonucleoside-triphosphate_reductase
gene-HI_0076	tesB	acyl-CoA_thioesterase_II
gene-HI_0077	.	predicted_coding_region_HI0077
gene-HI_0078	cysS	cysteinyl-tRNA_synthetase
gene-HI_0079	ppiB	peptidyl-prolyl_cis-trans_isomerase_B
gene-HI_0080	.	conserved_hypothetical_protein
gene-HI_0081	.	conserved_hypothetical_protein
gene-HI_0082	.	predicted_coding_region_HI0082
gene-HI_0083	.	predicted_coding_region_HI0083
gene-HI_0084	trxM	thioredoxin
gene-HI_0085	ldhA	D-lactate_dehydrogenase%2C_fermentative
gene-HI_0086	metB	cystathionine_gamma-synthase
gene-HI_0087	thrC	threonine_synthase
gene-HI_0088	thrB	homoserine_kinase
gene-HI_0089	thrA	aspartokinase_I_/_homoserine_dehydrogenase_I
gene-HI_0090	.	conserved_hypothetical_protein
gene-HI_0091	.	conserved_hypothetical_protein
gene-HI_0092	.	predicted_coding_region_HI0092
gene-HI_0093	.	conserved_hypothetical_protein
gene-HI_0094	.	predicted_coding_region_HI0094
gene-HI_0095	.	conserved_hypothetical_protein
gene-HI_0096	.	predicted_coding_region_HI0096
gene-HI_0097	hitA	iron(III)_ABC_transporter%2C_periplasmic-binding_protein
gene-HI_0098	hitB	iron(III)_ABC_transporter%2C_permease_protein
gene-HI_0099	hitC	iron(III)_ABC_transporter%2C_ATP-binding_protein
gene-HI_0100	.	predicted_coding_region_HI0100
gene-HI_0101	.	predicted_coding_region_HI0101
gene-HI_0102	dapE	succinyl-diaminopimelate_desuccinylase
gene-HI_0103	.	conserved_hypothetical_protein
gene-HI_0104	htpG	heat_shock_protein
gene-HI_0105	.	conserved_hypothetical_protein
gene-HI_0106	ffh	signal_recognition_particle_protein
gene-HI_0107	.	conserved_hypothetical_protein
gene-HI_0108	.	conserved_hypothetical_protein
gene-HI_0109	.	predicted_coding_region_HI0109
gene-HI_0110	serS	seryl-tRNA_synthetase
gene-HI_0111	bphH	glutathione_transferase
gene-HI_0112	.	predicted_coding_region_HI0112
gene-HI_0113	hemR	hemin_receptor
gene-HI_0114	.	predicted_coding_region_HI0114
gene-HI_0118	.	conserved_hypothetical_protein
gene-HI_0119	.	conserved_hypothetical_protein
gene-HI_0120	.	predicted_coding_region_HI0120
gene-HI_0121	.	conserved_hypothetical_protein
gene-HI_0122	metC	cystathionine_beta-lyase
gene-HI_0123	pgsA	phosphatidylglycerophosphate_synthase
gene-HI_0124	ppa	inorganic_pyrophosphatase
gene-HI_0125	.	conserved_hypothetical_protein
gene-HI_0126	afuC	ferric_ABC_transporter%2C_ATP-binding_protein
gene-HI_0129	.	predicted_coding_region_HI0129
gene-HI_0131	.	afuA_protein
gene-HI_0132	udk	uridine_kinase
gene-HI_0133	dcd	deoxycytidine_triphosphate_deaminase
gene-HI_0134	.	predicted_coding_region_HI0134
gene-HI_0135	.	conserved_hypothetical_transmembrane_protein
gene-HI_0136	.	GTP-binding_protein
gene-HI_0137	dnaQ	DNA_polymerase_III%2C_epsilon_subunit
gene-HI_0138	rnh	ribonuclease_H
gene-HI_0139	ompP2	outer_membrane_protein_P2
gene-HI_0140	nagA	N-acetylglucosamine-6-phosphate_deacetylase
gene-HI_0141	nagB	glucosamine-6-phosphate_isomerase
gene-HI_0142	nanA	N-acetylneuraminate_lyase
gene-HI_0143	.	conserved_hypothetical_protein
gene-HI_0144	.	glucose_kinase%2C_putative
gene-HI_0145	.	conserved_hypothetical_protein
gene-HI_0146	.	conserved_hypothetical_protein
gene-HI_0147	.	conserved_hypothetical_transmembrane_protein
gene-HI_0148	.	conserved_hypothetical_protein
gene-HI_0148.1	.	predicted_coding_region_HI0148.1
gene-HI_0149	.	predicted_coding_region_HI0149
gene-HI_0150	hflC	hflC_protein
gene-HI_0151	hflK	hflK_protein
gene-HI_0152	.	predicted_coding_region_HI0152
gene-HI_0154	acpP	acyl_carrier_protein
gene-HI_0155	fabG	3-ketoacyl-acyl_carrier_protein_reductase
gene-HI_0156	fabD	malonyl_CoA-acyl_carrier_protein_transacylase
gene-HI_0157	fabH	beta-ketoacyl-ACP_synthase_III
gene-HI_0158	rpL32	ribosomal_protein_L32
gene-HI_0159	.	conserved_hypothetical_protein
gene-HI_0160	psd	phosphatidylserine_decarboxylase_proenzyme
gene-HI_0161	gor	glutathione_reductase
gene-HI_0162	.	lipoprotein%2C_putative
gene-HI_0163	bolA	transcriptional_regulator%2C_putative
gene-HI_0164	.	NADH:ubiquinone_oxidoreducatase_subunit_A%2C_Na_translocating
gene-HI_0166	nqrB	NADH:ubiquinone_oxidoreductase%2C_subunit_B
gene-HI_0167	.	NADH:ubiquinone_oxidoreductase%2C_Na_translocating
gene-HI_0168	.	NADH:ubiquinone_oxidoreductase%2C_Na_translocating
gene-HI_0170	.	NADH:ubiquinone_oxidoreductase%2C_Na_translocating
gene-HI_0171	nqr6	Nqr6_subunit_of_Na-translocating_NADH-quinone_reductase_complex_beta-subunit
gene-HI_0172	.	lipoprotein%2C_putative
gene-HI_0173	.	predicted_coding_region_HI0173
gene-HI_0174	.	conserved_hypothetical_protein
gene-HI_0175	.	conserved_hypothetical_protein
gene-HI_0176	sfhB	sfhB_protein
gene-HI_0177	.	lipoprotein%2C_putative
gene-HI_0178	.	predicted_coding_region_HI0178
gene-HI_0179	act	pyruvate_formate-lyase_activating_enzyme
gene-HI_0180	pfl	formate_acetyltransferase
gene-HI_0181	.	formate_transporter
gene-HI_0182	.	sugar_kinase%2C_putative
gene-HI_0183	.	amino_acid_carrier_protein%2C_putative
gene-HI_0184	.	esterase
gene-HI_0185	adhC	alcohol_dehydrogenase%2C_class_III
gene-HI_0186	.	transcriptional_regulator%2C_putative
gene-HI_0188	.	conserved_hypothetical_protein
gene-HI_0189	gdhA	glutamate_dehydrogenase
gene-HI_0190	fur	ferric_uptake_regulation_protein
gene-HI_0191	fldA	flavodoxin
gene-HI_0193	.	esterase/lipase%2C_putative
gene-HI_0192	seqA	seqA_protein
gene-HI_0194	menE	O-succinylbenzoate--CoA_ligase
gene-HI_0195.1	aefA	conserved_hypothetical_transmembrane_protein
gene-HI_0196	aroC	chorismate_synthase
gene-HI_0197	mepA	penicillin-insensitive_murein_endopeptidase
gene-HI_0198	.	conserved_hypothetical_transmembrane_protein
gene-HI_0199	kdo)2-(lauroyl)-lipid_IVA_acyltransferase_(msbB	lipid_A_biosynthesis
gene-HI_0200	selD	selenide%2C_water_dikinase
gene-HI_0201	rpL19	ribosomal_protein_L19
gene-HI_0202	guanine-N1)-methyltransferase_(trmD	tRNA
gene-HI_0203	.	conserved_hypothetical_protein
gene-HI_0204	rpS16	ribosomal_protein_S16
gene-HI_0205	.	predicted_coding_region_HI0205
gene-HI_0206	.	5'-nucleotidase%2C_putative
gene-HI_0207	aroK	shikimic_acid_kinase_I
gene-HI_0208	aroB	3-dehydroquinate_synthase
gene-HI_0209	dam	DNA_adenine_methylase
gene-HI_0210	.	predicted_coding_region_HI0210
gene-HI_0211	pgpB	phosphatidylglycerophosphatase_B
gene-HI_0212	ribA	GTP_cyclohydrolase_II
gene-HI_0213	.	oligopeptide_transporter%2C_periplasmic-binding_protein%2C_putative
gene-HI_0213.1	.	predicted_coding_region_HI0213.1
gene-HI_0214	prlC	oligopeptidase_A
gene-HI_0216	hsdS	type_I_restriction/modification_specificity_protein
gene-HI_0217	.	conserved_hypothetical_protein
gene-HI_0219	.	conserved_hypothetical_transmembrane_protein
gene-HI_0220.2	.	predicted_coding_region_HI0220.2
gene-HI_0220.1	birA	biotin_operon_repressor/biotin_acetyl_coenzyme_A_carboxylase_synthetase
gene-HI_0221	guaB	inosine-5'-monophosphate_dehydrogenase
gene-HI_0221.1	.	predicted_coding_region_HI0221.1
gene-HI_0222	guaA	GMP_synthase
gene-HI_0223	.	rarD_protein%2C_putative
gene-HI_0224	.	transcriptional_regulator%2C_putative
gene-HI_0225	nhaA	Na+/H+_antiporter
gene-HI_0226	brnQ	branched_chain_amino_acid_transport_system_II_carrier_protein
gene-HI_0227	.	conserved_hypothetical_protein
gene-HI_0228	.	predicted_coding_region_HI0228
gene-HI_0229	pnp	polynucleotide_phosphorylase
gene-HI_0230	.	conserved_hypothetical_protein
gene-HI_0231	deaD	ATP-dependent_RNA_helicase
gene-HI_0232	.	conserved_hypothetical_protein
gene-HI_0233	.	predicted_coding_region_HI0233
gene-HI_0234	.	predicted_coding_region_HI0234
gene-HI_0235	.	conserved_hypothetical_protein
gene-HI_0236	.	arsenate_reductase%2C_putative
gene-HI_0239	secF	protein-export_membrane_protein
gene-HI_0240	secD	protein-export_membrane_protein
gene-HI_0241	.	conserved_hypothetical_protein
gene-HI_0242	.	conserved_hypothetical_protein
gene-HI_0243	.	predicted_coding_region_HI0243
gene-HI_0244	tgt	tRNA-guanine_transglycosylase
gene-HI_0245	queA	queuosine_biosynthesis_protein
gene-HI_0246	.	predicted_coding_region_HI0246
gene-HI_0249	uvrA	excinuclease_ABC%2C_subunit_A
gene-HI_0250	ssb	single-stranded_DNA_binding_protein
gene-HI_0251	.	tonB_protein
gene-HI_0252	exbD	biopolymer_transport_protein
gene-HI_0253	exbB	biopolymer_transport_protein
gene-HI_0254	bcp	bacterioferritin_comigratory_protein
gene-HI_0255	dapA	dihydrodipicolinate_synthetase
gene-HI_0256	.	lipoprotein%2C_putative
gene-HI_0257	.	sigma(54)_modulation_protein%2C_putative
gene-HI_0258	.	glycosyl_transferase%2C_putative
gene-HI_0260	.	conserved_hypothetical_protein
gene-HI_0260.1	.	predicted_coding_region_HI0260.1
gene-HI_0261	.	lipopolysaccharide_biosynthesis_protein%2C_putative
gene-HI_0262	.	heme-hemopexin_utilization_protein_C
gene-HI_0263	hxuB	heme-hemopexin_utilization_protein_B
gene-HI_0264	hxuA	heme-hemopexin_utilization_protein_A
gene-HI_0265	.	dihydroneopterin_aldolase%2C_putative
gene-HI_0266	.	conserved_hypothetical_protein
gene-HI_0267	narQ	nitrate/nitrite_sensor_protein
gene-HI_0268	murB	UDP-N-acetylenolpyruvoylglucosamine_reductase
gene-HI_0269	rpoH	RNA_polymerase_sigma-32_factor
gene-HI_0270	.	conserved_hypothetical_protein
gene-HI_0271	.	conserved_hypothetical_protein
gene-HI_0272	pyrE	orotate_phosphoribosyltransferase
gene-HI_0273	rph	ribonuclease_PH
gene-HI_0274	gltX	glutamyl-tRNA_synthetase
gene-HI_0275	.	predicted_coding_region_HI0275
gene-HI_0276	rbn	ribonuclease_BN
gene-HI_0277	.	conserved_hypothetical_protein
gene-HI_0278	.	predicted_coding_region_HI0278
gene-HI_0279	.	predicted_coding_region_HI0279
gene-HI_0280	udp	uridine_phosphorylase
gene-HI_0281	.	transport_protein%2C_putative
gene-HI_0282	.	conserved_hypothetical_protein
gene-HI_0283	menD	2-succinyl-6-hydroxy-2%2C4-cyclohexadiene-1-carboxylate_synthase/2-oxoglutarate_decarboxylase
gene-HI_0285	menF	menaquinone-specific_isochorismate_synthase
gene-HI_0286	.	aminotransferase
gene-HI_0287	mtr	tryptophan-specific_transport_protein
gene-HI_0288	sdaA	L-serine_deaminase
gene-HI_0289	sdaC	serine_transporter
gene-HI_0290	.	potassium/copper-transporting_ATPase%2C_putative
gene-HI_0291	.	predicted_coding_region_HI0291
gene-HI_0292	merP	mercuric_ion_scavenger_protein
gene-HI_0293	.	transcriptional_regulator%2C_merR_family%2C_putative
gene-HI_0294	metJ	met_repressor
gene-HI_0295	rho	transcription_termination_factor
gene-HI_0296	hopD	type_4_prepilin-like_protein_specific_leader_peptidase
gene-HI_0297	.	protein_transport_protein
gene-HI_0298	.	protein_transport_protein
gene-HI_0299	.	prepilin_peptidase_dependent_protein_D
gene-HI_0300	ampD	ampD_signalling_protein
gene-HI_0301	.	hemolysin%2C_putative
gene-HI_0302	cutE	apolipoprotein_N-acyltransferase
gene-HI_0303	.	conserved_hypothetical_protein
gene-HI_0304	.	conserved_hypothetical_protein
gene-HI_0305	.	conserved_hypothetical_protein
gene-HI_0306	.	conserved_hypothetical_protein
gene-HI_0307	proC	pyrroline-5-carboxylate_reductase
gene-HI_0308	.	conserved_hypothetical_transmembrane_protein
gene-HI_0309	xerD	integrase/recombinase
gene-HI_0310	.	predicted_coding_region_HI0310
gene-HI_0312	ruvB	Holliday_junction_DNA_helicase
gene-HI_0313	ruvA	Holliday_junction_DNA_helicase
gene-HI_0314	ruvC	crossover_junction_endodeoxyribonuclease
gene-HI_0315	.	conserved_hypothetical_protein
gene-HI_0316	ntpA	datP_pyrophosphohydrolase
gene-HI_0317	aspS	aspartyl-tRNA_synthetase
gene-HI_0318	.	conserved_hypothetical_protein
gene-HI_0319	.	conserved_hypothetical_protein
gene-HI_0321	vapB	virulence_associated_protein_B
gene-HI_0322	.	virulence_associated_protein_C%2C_putative
gene-HI_0323	gloA	lactoylglutathione_lyase
gene-HI_0324	rnt	ribonuclease_T
gene-HI_0325	.	conserved_hypothetical_protein
gene-HI_0326	.	predicted_coding_region_HI0326
gene-HI_0328	efp	elongation_factor_P
gene-HI_0329	.	conserved_hypothetical_protein
gene-HI_0330	oapA	opacity_associated_protein
gene-HI_0331	oapB	opacity_associated_protein
gene-HI_0332	recO	DNA_repair_protein
gene-HI_0333	.	RNA_methyltransferase%2C_putative
gene-HI_0334	relA	GTP_pyrophosphokinase
gene-HI_0335	dgkA	diacylglycerol_kinase
gene-HI_0336	mog	molybdopeterin_biosynthesis_protein
gene-HI_0337	glnB	nitrogen_regulatory_protein_P-II
gene-HI_0338	.	conserved_hypothetical_transmembrane_protein
gene-HI_0339	priA	primosomal_protein_N'
gene-HI_0340	.	conserved_hypothetical_protein
gene-HI_0341	.	conserved_hypothetical_protein
gene-HI_0342	napF	ferredoxin-type_protein
gene-HI_0343	napD	napD_protein
gene-HI_0345	napG	ferredoxin-type_protein
gene-HI_0346	napH	ferredoxin-type_protein
gene-HI_0347	napB	periplasmic_nitrate_reductase
gene-HI_0348	napC	cytochrome_C-type_protein
gene-HI_0349	adk	adenylate_kinase
gene-HI_0350	.	permease%2C_putative
gene-HI_0351	galE	UDP-glucose_4-epimerase
gene-HI_0352	.	conserved_hypothetical_protein
gene-HI_0354	.	ABC_transporter%2C_ATP-binding_protein
gene-HI_0355	.	ABC_transporter%2C_permease_protein
gene-HI_0357	.	thiamine_biosynthesis_protein%2C_putative
gene-HI_0358	.	transcriptional_activator%2C_putative
gene-HI_0359	chelated)_ABC_transporter%2C_permease_protein_(yfeD	iron
gene-HI_0360	chelated)_ABC_transporter%2C_permease_protein_(yfeC	iron
gene-HI_0361	chelated)_transporter%2C_ATP-binding_protein_(yfeB	iron
gene-HI_0362	chelated)_ABC_transporter%2C_periplasmic-binding_protein_(yfeA	iron
gene-HI_0364	.	penicillin-binding_protein_7%2C_putative
gene-HI_0365	.	conserved_hypothetical_protein
gene-HI_0366	.	fimbrial_biogenesis_and_twitching_motility_protein%2C_putative
gene-HI_0367	.	conserved_hypothetical_protein
gene-HI_0368	gcpE	gcpE_protein
gene-HI_0369	hisS	histidyl-tRNA_synthetase
gene-HI_0370	.	conserved_hypothetical_protein
gene-HI_0371	.	conserved_hypothetical_protein
gene-HI_0372	fdx-1	ferredoxin
gene-HI_0373	hscA	heat_shock_protein
gene-HI_0374	.	predicted_coding_region_HI0374
gene-HI_0375	.	conserved_hypothetical_protein
gene-HI_0376	.	conserved_hypothetical_protein
gene-HI_0377	iscU	iscU_protein
gene-HI_0378	nifS	nifS_protein
gene-HI_0379	.	conserved_hypothetical_protein
gene-HI_0380	.	conserved_hypothetical_protein
gene-HI_0381	pal	peptidoglycan-associated_outer_membrane_lipoprotein
gene-HI_0382	tolB	colicin_tolerance_protein
gene-HI_0383	tolA	outer_membrane_integrity_protein
gene-HI_0384	tolR	colicin_transport_protein
gene-HI_0385	tolQ	colicin_transport_protein
gene-HI_0386	.	conserved_hypothetical_protein
gene-HI_0387	dinG	ATP-dependent_helicase
gene-HI_0388	.	conserved_hypothetical_protein
gene-HI_0389	.	outer_membrane_protein
gene-HI_0390.1	fadD	long_chain_fatty_acid_coenzyme_A_ligase
gene-HI_0390	rnd	ribonuclease_D
gene-HI_0391	.	predicted_coding_region_HI0391
gene-HI_0392	.	O-antigen_acetylase%2C_putative
gene-HI_0393	.	conserved_hypothetical_GTP-binding_protein
gene-HI_0394	pth	peptidyl-tRNA_hydrolase
gene-HI_0395	.	conserved_hypothetical_protein
gene-HI_0396	.	conserved_hypothetical_protein
gene-HI_0397	xseA	exodeoxyribonuclease_VII%2C_large_subunit
gene-HI_0398	.	conserved_hypothetical_protein
gene-HI_0399	icc	lacZ_expression_regulator
gene-HI_0400	.	conserved_hypothetical_protein
gene-HI_0401	fadL	long-chain_fatty_acid_transport_protein
gene-HI_0402	dat1	methylated-DNA--protein-cysteine_methyltransferase
gene-HI_0403	mutH	DNA_mismatch_repair_protein
gene-HI_0404	mesJ	cell_cycle_protein
gene-HI_0405	.	pyridoxine_kinase%2C_putative
gene-HI_0406	accA	acetyl-CoA_carboxylase%2C_carboxyl_transferase
gene-HI_0407	.	conserved_hypothetical_integral_membrane_protein
gene-HI_0408	yebM	ABC_transporter%2C_ATP-binding_protein
gene-HI_0409	.	conserved_hypothetical_protein
gene-HI_0410	tyrR	transcriptional_regulatory_protein
gene-HI_0411	hfq	host_factor-I_protein
gene-HI_0412	.	conserved_hypothetical_protein
gene-HI_0413	rne	ribonuclease_E
gene-HI_0414	.	predicted_coding_region_HI0414
gene-HI_0415	.	hydroxyethylthiazole_kinase
gene-HI_0416	thiD	phosphomethylpyrimidine_kinase
gene-HI_0417	.	thiamin-phosphate_pyrophosphorylase
gene-HI_0418	.	transport_protein%2C_putative
gene-HI_0419	.	protease%2C_putative
gene-HI_0420	.	predicted_coding_region_HI0420
gene-HI_0421	.	predicted_coding_region_HI0421
gene-HI_0422	srmB	ATP-dependent_RNA_helicase
gene-HI_0423	.	conserved_hypothetical_protein
gene-HI_0424	.	rRNA_methylase%2C_putative
gene-HI_0425	pssA	phosphatidylserine_synthase
gene-HI_0426	fadR	fatty_acid_metabolism_regulator_protein
gene-HI_0427	nhaB	Na+/H+_antiporter
gene-HI_0428	dsbB	disulfide_bond_formation_protein_B
gene-HI_0429	glmS	glucosamine--fructose-6-phosphate_aminotransferase
gene-HI_0430	hupA	DNA-binding_protein_HU-alpha
gene-HI_0431	.	conserved_hypothetical_protein
gene-HI_0432	.	conserved_hypothetical_protein
gene-HI_0433	.	orfG_protein
gene-HI_0434	comF	competence_protein_F
gene-HI_0435	comE	competence_protein_E
gene-HI_0436	comD	competence_protein_D
gene-HI_0437	comC	competence_protein_C
gene-HI_0438	comB	competence_protein_B
gene-HI_0439	comA	competence_protein_A
gene-HI_0440	ponA	penicillin-binding_protein_1A
gene-HI_0441	.	orfJ_protein
gene-HI_0442	.	conserved_hypothetical_protein
gene-HI_0443	recR	recombination_protein
gene-HI_0444	topB	DNA_topoisomerase_III
gene-HI_0445	secG	protein-export_membrane_protein
gene-HI_0446	fruA	PTS_system%2C_fructose-specific_IIBC_component
gene-HI_0447	fruK	1-phosphofructokinase
gene-HI_0448	fruB	PTS_system%2C_fructose-specific_IIA/FPr_component
gene-HI_0449	.	predicted_coding_region_HI0449
gene-HI_0450	vapD	virulence_associated_protein_D
gene-HI_0451	.	conserved_hypothetical_protein
gene-HI_0452	.	conserved_hypothetical_protein
gene-HI_0453	.	conserved_hypothetical_protein
gene-HI_0454	.	conserved_hypothetical_protein
gene-HI_0455	holB	DNA_polymerase_III%2C_delta'_subunit
gene-HI_0456	.	thymidylate_kinase
gene-HI_0457	.	conserved_hypothetical_protein
gene-HI_0458	.	stationary_phase_survival_protein_SurA%2C_putative
gene-HI_0459	pyrR	pyrimidine_operon_regulatory_protein
gene-HI_0460	mazG	mazG_protein
gene-HI_0461	.	conserved_hypothetical_protein
gene-HI_0462	lon	ATP-dependent_proteinase
gene-HI_0463	.	oxygen-independent_coproporphyrinogen_III_oxidase%2C_putative
gene-HI_0464	rpiA	ribose_5-phosphate_isomerase_A
gene-HI_0465	serA	D-3-phosphoglycerate_dehydrogenase
gene-HI_0466	.	conserved_hypothetical_protein
gene-HI_0467	.	conserved_hypothetical_protein
gene-HI_0468	hisG	ATP_phosphoribosyltransferase
gene-HI_0469	hisD	histidinol_dehydrogenase
gene-HI_0470	hisC	histidinol-phosphate_aminotransferase
gene-HI_0471	hisB	imidazoleglycerol-phosphate_dehydratase_/_histidinol-phosphatase
gene-HI_0472	hisH	amidotransferase
gene-HI_0473	hisA	phosphoribosylformimino-5-aminoimidazole_carboxamide_ribotide_isomerase
gene-HI_0474	hisF	hisF_cyclase
gene-HI_0475	hisIE	phosphoribosyl-AMP_cyclohydrolase_/_phosphoribosyl-ATP_pyrophosphohydrolase
gene-HI_0476	.	predicted_coding_region_HI0476
gene-HI_0477	tyrP	tyrosine-specific_transport_protein
gene-HI_0478	atpC	ATP_synthase_F1%2C_subunit_epsilon
gene-HI_0479	atpD	ATP_synthase_F1%2C_subunit_beta
gene-HI_0480	atpG	ATP_synthase_F1%2C_subunit_gamma
gene-HI_0481	atpA	ATP_synthase_F1%2C_subunit_alpha
gene-HI_0482	atpH	ATP_synthase_F1%2C_subunit_delta
gene-HI_0483	atpF	ATP_synthase_F0%2C_subunit_b
gene-HI_0484	atpE	ATP_synthase_F0%2C_subunit_c
gene-HI_0485	atpB	ATP_synthase_F0%2C_subunit_a
gene-HI_0485.1	.	predicted_coding_region_HI0485.1
gene-HI_0486	gidB	glucose-inhibited_division_protein
gene-HI_0487	.	predicted_coding_region_HI0487
gene-HI_0488	.	conserved_hypothetical_protein
gene-HI_0489	.	conserved_hypothetical_protein
gene-HI_0491	.	conserved_hypothetical_protein
gene-HI_0493	.	conserved_hypothetical_protein
gene-HI_0494	.	acid_phosphatase
gene-HI_0495	.	acid_phosphatase
gene-HI_0496	hslV	heat_shock_protein
gene-HI_0497	hslU	heat_shock_protein
gene-HI_0498	potD	spermidine/putrescine_ABC_transporter%2C_periplasmic-binding_protein
gene-HI_0499	.	oxidoreductase%2C_putative
gene-HI_0500	.	conserved_hypothetical_protein
gene-HI_0501	rbsD	high_affinity_ribose_transport_protein
gene-HI_0502	rbsA	D-ribose_ABC_transporter%2C_ATP-binding_protein
gene-HI_0503	rbsC	D-ribose_ABC_transporter%2C_permease_protein
gene-HI_0504	rbsB	D-ribose_ABC_transporter%2C_periplasmic-binding_protein
gene-HI_0505	rbsK	ribokinase
gene-HI_0506	rbsR	rbs_repressor
gene-HI_0507	.	conserved_hypothetical_transmembrane_protein
gene-HI_0508	menG	S-adenosylmethionine:2-demethylmenaquinone_methyltransferase
gene-HI_0509	menA	1%2C4-dihydroxy-2-naphthoate_octaprenyltransferase
gene-HI_0510	.	conserved_hypothetical_protein
gene-HI_0511	tehA	tellurite_resistance_protein
gene-HI_0512	HindIIR	Type_II_restriction_endonuclease
gene-HI_0513	hindIIM	modification_methylase
gene-HI_0514	rpoC	DNA-directed_RNA_polymerase%2C_beta'_chain
gene-HI_0515	rpoB	DNA-directed_RNA_polymerase%2C_beta_chain
gene-HI_0516	rpL1	ribosomal_protein_L1
gene-HI_0517	rpL11	ribosomal_protein_L11
gene-HI_0518	deoD	purine-nucleoside_phosphorylase
gene-HI_0519	.	transport_protein%2C_putative
gene-HI_0520	.	conserved_hypothetical_protein
gene-HI_0521	.	conserved_hypothetical_protein
gene-HI_0522	.	conserved_hypothetical_protein
gene-HI_0523	.	conserved_hypothetical_protein
gene-HI_0524	fba	fructose-bisphosphate_aldolase
gene-HI_0525	pgk	phosphoglycerate_kinase
gene-HI_0526	.	predicted_coding_region_HI0526
gene-HI_0527	fdx-2	ferredoxin
gene-HI_0528	tyrP	tyrosine-specific_transport_protein
gene-HI_0529	tdk	thymidine_kinase
gene-HI_0530	gcp	O-sialoglycoprotein_endopeptidase
gene-HI_0531	rpS21	ribosomal_protein_S21
gene-HI_0532	dnaG	DNA_primase
gene-HI_0533	rpoD	RNA_polymerase_sigma-70_factor
gene-HI_0534	aspA	aspartate_ammonia-lyase
gene-HI_0535	ureH	urease_accessory_protein
gene-HI_0536	ureG	urease_accessory_protein
gene-HI_0537	ureF	urease_accessory_protein
gene-HI_0538	ureE	urease_accessory_protein
gene-HI_0539	ureC	urease%2C_alpha_subunit
gene-HI_0540	ureB	urease%2C_beta_subunit
gene-HI_0541	ureA	urease%2C_gamma_subunit
gene-HI_0542	groES	chaperonin
gene-HI_0543	groEL	heat_shock_protein
gene-HI_0544	rpL9	ribosomal_protein_L9
gene-HI_0545	rpS18	ribosomal_protein_S18
gene-HI_0546	priB	primosomal_replication_protein_N
gene-HI_0547	rpS6	ribosomal_protein_S6
gene-HI_0548	infA	translation_initiation_factor_1
gene-HI_0549	ksgA	dimethyladenosine_transferase
gene-HI_0550	.	lipooligosaccharide_biosynthesis_protein
gene-HI_0551	apaH	diadenosine-tetraphosphatase
gene-HI_0552	.	predicted_coding_region_HI0552
gene-HI_0553	gnd	6-phosphogluconate_dehydrogenase%2C_decarboxylating
gene-HI_0554	.	predicted_coding_region_HI0554
gene-HI_0555	.	conserved_hypothetical_protein
gene-HI_0556	devB	oxidoreductase%2C_putative
gene-HI_0557	.	predicted_coding_region_HI0557
gene-HI_0558	zwf	glucose-6-phosphate_1-dehydrogenase
gene-HI_0559	cysQ	sulfite_synthesis_pathway_protein
gene-HI_0559.1	.	predicted_coding_region_HI0559.1
gene-HI_0561	.	conserved_hypothetical_protein
gene-HI_0562	.	conserved_hypothetical_protein
gene-HI_0563	asnC	transcriptional_regulatory_protein
gene-HI_0564	asnA	aspartate--ammonia_ligase
gene-HI_0565	gph	phosphoglycolate_phosphatase
gene-HI_0566	dod	ribulose-phosphate_3-epimerase
gene-HI_0567	gyrB	DNA_gyrase%2C_subunit_B
gene-HI_0568	tex	transcription_accessory_protein
gene-HI_0569	greB	transcription_elongation_factor
gene-HI_0570	.	conserved_hypothetical_protein
gene-HI_0571	oxyR	hydrogen_peroxide-inducible_genes_activator
gene-HI_0572	.	membrane_protein
gene-HI_0573	slyX	slyX_protein
gene-HI_0574	fkpA	FkbP-type_peptidyl-prolyl_cis-trans_isomerase
gene-HI_0575	.	conserved_hypothetical_protein
gene-HI_0576	.	conserved_hypothetical_protein
gene-HI_0576.1	.	conserved_hypothetical_protein
gene-HI_0577	.	predicted_coding_region_HI0577
gene-HI_0578	tufA	elongation_factor_Tu
gene-HI_0579	fusA	elongation_factor_G
gene-HI_0580	rpS7	ribosomal_protein_S7
gene-HI_0581	rps12	ribosomal_protein_S12
gene-HI_0582	gidA	glucose_inhibited_division_protein
gene-HI_0583	cpdB	2'%2C3'-cyclic-nucleotide_2'-phosphodiesterase
gene-HI_0584	.	hydrolase
gene-HI_0585	.	predicted_coding_region_HI0585
gene-HI_0586	.	predicted_coding_region_HI0586
gene-HI_0587	pepE	peptidase_E
gene-HI_0588	.	N-carbamyl-L-amino_acid_amidohydrolase
gene-HI_0589	.	sigma_factor_regulatory_protein%2C_putative
gene-HI_0590	potE	putrescine-ornithine_antiporter
gene-HI_0591	speF	ornithine_decarboxylase
gene-HI_0592	.	predicted_coding_region_HI0592
gene-HI_0594	.	conserved_hypothetical_transmembrane_protein
gene-HI_0595	arcC	carbamate_kinase
gene-HI_0596	arcB	ornithine_carbamoyltransferase
gene-HI_0597	.	conserved_hypothetical_protein
gene-HI_0597.1	.	crcB_protein
gene-HI_0599	recX	regulatory_protein
gene-HI_0600	recA	recA_protein
gene-HI_0601	tfoX	DNA_transformation_protein
gene-HI_0602	hemY	hemY_protein
gene-HI_0602.1	.	predicted_coding_region_HI0602.1
gene-HI_0603	hemX	uroporphyrin-III_C-methyltransferase
gene-HI_0604	cyaA	adenylate_cyclase
gene-HI_0605	NAD+)_(gpsA	glycerol-3-phosphate_dehydrogenase
gene-HI_0606	cysE	serine_acetyltransferase
gene-HI_0607	.	shikimate_5-dehydrogenase-related_protein
gene-HI_0608	.	conserved_hypothetical_protein
gene-HI_0609	folD	methylenetetrahydrofolate_dehydrogenase/methenyltetrahydrofolate_cyclohydrolase
gene-HI_0610	fucP	L-fucose_permease
gene-HI_0611	fucA	L-fuculose_phosphate_aldolase
gene-HI_0612	fucU	fucose_operon_protein
gene-HI_0613	fucK	fuculokinase
gene-HI_0614	fucI	L-fucose_isomerase
gene-HI_0615	fucR	L-fucose_operon_activator
gene-HI_0616	hepA	ATP-dependent_helicase
gene-HI_0617	.	conserved_hypothetical_protein
gene-HI_0618	.	glp_protein%2C_putative
gene-HI_0619	glpR	glycerol-3-phosphate_regulon_repressor
gene-HI_0620	hlpA	28_kDa_outer_membrane_protein
gene-HI_0621	.	ABC_transporter%2C_ATP-binding_protein
gene-HI_0621.1	.	conserved_hypothetical_protein
gene-HI_0622	def	polypeptide_deformylase
gene-HI_0623	fmt	methionyl-tRNA_formyltransferase
gene-HI_0624	sun	sun_protein
gene-HI_0625	trkA	TRK_system_potassium_uptake_protein
gene-HI_0626	mscL	large_conductance_mechanosensitive_channel
gene-HI_0627	.	conserved_hypothetical_protein
gene-HI_0628	rpoE	RNA_polymerase_sigma-E_factor
gene-HI_0629	mclA	sigma-E_factor_negative_regulatory_protein
gene-HI_0630	rseB	sigma-E_factor_regulatory_protein
gene-HI_0631	coaA	pantothenate_kinase
gene-HI_0632	tufB	elongation_factor_Tu
gene-HI_0633	.	predicted_coding_region_HI0633
gene-HI_0634	.	conserved_hypothetical_protein
gene-HI_0635	.	hemoglobin-binding_protein
gene-HI_0636	.	conserved_hypothetical_protein
gene-HI_0637	trpS	tryptophanyl-tRNA_synthetase
gene-HI_0638	.	conserved_hypothetical_protein
gene-HI_0639	purB	adenylosuccinate_lyase
gene-HI_0640	rpL10	ribosomal_protein_L10
gene-HI_0641	rpL7/L12	ribosomal_protein_L7/L12
gene-HI_0642	glmU	UDP-N-acetylglucosamine_pyrophosphorylase
gene-HI_0643	bisC	biotin_sulfoxide_reductase
gene-HI_0644	yecK	cytochrome_C-type_protein
gene-HI_0645	pldB	lysophospholipase_L2
gene-HI_0646	asd	aspartate-semialdehyde_dehydrogenase
gene-HI_0647	.	transport_protein%2C_putative
gene-HI_0648	mdaB	modulator_of_drug_activity_B
gene-HI_0649	rep	ATP-dependent_DNA_helicase
gene-HI_0650	.	predicted_coding_region_HI0650
gene-HI_0651	kdtB	lipopolysaccharide_core_biosynthesis_protein
gene-HI_0652	kdtA	3-deoxy-d-manno-octulosonic-acid_transferase
gene-HI_0653	.	lipopolysaccharide_biosynthesis_protein
gene-HI_0654	tagI	DNA-3-methyladenine_glycosidase_I
gene-HI_0655	aroE	shikimate_5-dehydrogenase
gene-HI_0656	.	conserved_hypothetical_protein
gene-HI_0656.1	.	conserved_hypothetical_protein
gene-HI_0658	.	ABC_transporter%2C_ATP-binding_protein
gene-HI_0659	.	predicted_coding_region_HI0659
gene-HI_0660	.	predicted_coding_region_HI0660
gene-HI_0661	.	hemoglobin-binding_protein
gene-HI_0663	cydD	ATP-binding_transport_protein
gene-HI_0664	.	ABC_transporter%2C_ATP-binding_protein
gene-HI_0665	.	predicted_coding_region_HI0665
gene-HI_0666	.	predicted_coding_region_HI0666
gene-HI_0666.1	.	predicted_coding_region_HI0666.1
gene-HI_0667	glpX	glpX_protein
gene-HI_0668	.	conserved_hypothetical_protein
gene-HI_0669	mioC	mioC_protein
gene-HI_0670	.	conserved_hypothetical_protein
gene-HI_0671	.	conserved_hypothetical_protein
gene-HI_0672	.	conserved_hypothetical_protein
gene-HI_0673	.	conserved_hypothetical_protein
gene-HI_0674	gptA	xanthine-guanine_phosphoribosyltransferase
gene-HI_0675	pepD	aminoacyl-histidine_dipeptidase
gene-HI_0676	xerC	integrase/recombinase
gene-HI_0677	.	predicted_coding_region_HI0677
gene-HI_0678	tpiA	triosephosphate_isomerase
gene-HI_0679	glpE	glpE_protein
gene-HI_0680	.	rarD_protein%2C_putative
gene-HI_0681	ilvY	transcriptional_activator
gene-HI_0682	ilvC	ketol-acid_reductoisomerase
gene-HI_0683	glpC	anaerobic_glycerol-3-phosphate_dehydrogenase%2C_subunit_C
gene-HI_0684	glpB	anaerobic_glycerol-3-phosphate_dehydrogenase%2C_subunit_B
gene-HI_0685	glpA	anaerobic_glycerol-3-phosphate_dehydrogenase%2C_subunit_A
gene-HI_0686	glpT	glycerol-3-phosphatase_transporter
gene-HI_0687	.	conserved_hypothetical_protein
gene-HI_0688	.	predicted_coding_region_HI0688
gene-HI_0689	glpQ	glycerophosphoryl_diester_phosphodiesterase
gene-HI_0690	glpF	glycerol_uptake_facilitator_protein
gene-HI_0691	glpK	glycerol_kinase
gene-HI_0692	gptB	xanthine-guanine_phosphoribosyltransferase
gene-HI_0693	hel	lipoprotein_E
gene-HI_0694	.	conserved_hypothetical_protein
gene-HI_0695	.	exopolyphosphatase%2C_putative
gene-HI_0696	.	conserved_hypothetical_protein
gene-HI_0698	.	conserved_hypothetical_protein
gene-HI_0699	slyD	peptidyl-prolyl_cis-trans_isomerase%2C_FkbP-type
gene-HI_0700	.	conserved_hypothetical_protein
gene-HI_0701	.	conserved_hypothetical_protein
gene-HI_0702	surE	stationary-phase_survival_protein
gene-HI_0703	lppB	lipoprotein_B
gene-HI_0704	.	predicted_coding_region_HI0704
gene-HI_0706	.	lipoprotein
gene-HI_0707	mutS	DNA_mismatch_repair_protein
gene-HI_0708	selA	L-seryl-tRNA_selenium_transferase
gene-HI_0709	selB	selenocysteine-specific_elongation_factor
gene-HI_0710	.	predicted_coding_region_HI0710
gene-HI_0711	.	conserved_hypothetical_protein
gene-HI_0712	.	hemoglobin-binding_protein
gene-HI_0713	tig	trigger_factor
gene-HI_0714	clpP	ATP-dependent_Clp_protease%2C_proteolytic_subunit
gene-HI_0715	clpX	ATP-dependent_Clp_protease%2C_ATP-binding_subunit
gene-HI_0716	secE	preprotein_translocase_SecE_subunit
gene-HI_0717	nusG	transcription_antitermination_protein
gene-HI_0718	vacJ	lipoprotein
gene-HI_0719	.	conserved_hypothetical_protein
gene-HI_0720	htpX	heat_shock_protein
gene-HI_0721	.	conserved_hypothetical_protein
gene-HI_0722	.	conserved_hypothetical_protein
gene-HI_0723	trkH	TRK_system_potassium_uptake_protein
gene-HI_0724	.	conserved_hypothetical_protein
gene-HI_0725	.	conserved_hypothetical_protein
gene-HI_0726	narP	nitrate/nitrite_response_regulator_protein
gene-HI_0727	lysA	diaminopimelate_decarboxylase
gene-HI_0727.1	cyaY	cyaY_protein
gene-HI_0728	recQ	ATP-dependent_DNA_helicase
gene-HI_0729	proS	prolyl-tRNA_synthetase
gene-HI_0730	.	organic_solvent_tolerance_protein
gene-HI_0731	.	predicted_coding_region_HI0731
gene-HI_0732	.	predicted_coding_region_HI0732
gene-HI_0733	sufI	sufI_protein
gene-HI_0734	plsC	1-acyl-glycerol-3-phosphate_acyltransferase
gene-HI_0735	.	conserved_hypothetical_protein
gene-HI_0736	.	sodium-dependent_transporter%2C_putative
gene-HI_0737	.	acetohydroxy_acid_synthase_II%2C_putative
gene-HI_0738	ilvD	dihydroxyacid_dehydratase
gene-HI_0738.1	ilvA	threonine_deaminase
gene-HI_0739	dnaE	DNA_polymerase_III%2C_alpha_subunit
gene-HI_0740	yhxB	phosphomannomutase
gene-HI_0742	.	predicted_coding_region_HI0742
gene-HI_0743	secB	protein-export_protein
gene-HI_0744	.	conserved_hypothetical_protein
gene-HI_0745	ansB	L-asparaginase_II
gene-HI_0746	dcuB	anaerobic_C4-dicarboxylate_membrane_transporter_protein
gene-HI_0747	ndh	NADH_dehydrogenase
gene-HI_0748	plsB	glycerol-3-phosphate_acyltransferase
gene-HI_0749	lexA	lexA_repressor
gene-HI_0750	dapF	diaminopimelate_epimerase
gene-HI_0751	tpx	thiol_peroxidase
gene-HI_0752	purL	phosphoribosylformylglycinamidine_synthase
gene-HI_0753	.	conserved_hypothetical_protein
gene-HI_0754	.	conserved_hypothetical_protein
gene-HI_0755	.	conserved_hypothetical_protein
gene-HI_0756	.	conserved_hypothetical_protein
gene-HI_0757	gpmA	phosphoglycerate_mutase
gene-HI_0758	rpL31	ribosomal_protein_L31
gene-HI_0759	mutY	A/G-specific_adenine_glycosylase
gene-HI_0760	.	conserved_hypothetical_protein
gene-HI_0761	mltC	membrane-bound_lytic_murein_transglycosylase_C
gene-HI_0762	.	predicted_coding_region_HI0762
gene-HI_0763	nadR	transcriptional_regulator
gene-HI_0764	ribB	3%2C4-dihydroxy-2-butanone_4-phosphate_synthase
gene-HI_0765	.	lipooligosaccharide_biosynthesis_protein
gene-HI_0766	.	rRNA_methylase%2C_putative
gene-HI_0767	.	conserved_hypothetical_protein
gene-HI_0768	ftsY	cell_division_protein
gene-HI_0769	ftsE	cell_division_ATP-binding_protein
gene-HI_0770	ftsX	cell_division_protein
gene-HI_0771	atoB	acetyl-CoA_acetyltransferase
gene-HI_0772	atoE	short-chain_fatty_acids_transporter
gene-HI_0773	atoA	acetate_CoA-transferase%2C_beta_subunit
gene-HI_0774	.	acetate_CoA-transferase%2C_alpha_subunit
gene-HI_0775	.	transcriptional_regulator
gene-HI_0776	rpS10	ribosomal_protein_S10
gene-HI_0777	rpL3	ribosomal_protein_L3
gene-HI_0778	rpL4	ribosomal_protein_L4
gene-HI_0779	rpL23	ribosomal_protein_L23
gene-HI_0780	rpL2	ribosomal_protein_L2
gene-HI_0781	rpS19	ribosomal_protein_S19
gene-HI_0782	rpL22	ribosomal_protein_L22
gene-HI_0783	rpS3	ribosomal_protein_S3
gene-HI_0784	rpL16	ribosomal_protein_L16
gene-HI_0785	rpL29	ribosomal_protein_L29
gene-HI_0786	rpS17	ribosomal_protein_S17
gene-HI_0787	.	predicted_coding_region_HI0787
gene-HI_0788	rpL14	ribosomal_protein_L14
gene-HI_0789	rpL24	ribosomal_protein_L24
gene-HI_0790	rpL5	ribosomal_protein_L5
gene-HI_0791	rpS14	ribosomal_protein_S14
gene-HI_0792	rpS8	ribosomal_protein_S8
gene-HI_0793	rpL6	ribosomal_protein_L6
gene-HI_0794	rpL18	ribosomal_protein_L18
gene-HI_0795	rpS5	ribosomal_protein_S5
gene-HI_0796	rpL30	ribosomal_protein_L30
gene-HI_0797	rpL15	ribosomal_protein_L15
gene-HI_0798	secY	preprotein_translocase_SecY_subunit
gene-HI_0798.1	rpL36	ribosomal_protein_L36
gene-HI_0799	rpS13	ribosomal_protein_S13
gene-HI_0800	rpS11	ribosomal_protein_S11
gene-HI_0801	rpS4	ribosomal_protein_S4
gene-HI_0802	rpoA	DNA-directed_RNA_polymerase%2C_alpha_chain
gene-HI_0803	rplQ	ribosomal_protein_L17
gene-HI_0804	.	predicted_coding_region_HI0804
gene-HI_0806	.	conserved_hypothetical_protein
gene-HI_0807	.	conserved_hypothetical_protein
gene-HI_0808	rrf	ribosome_releasing_factor
gene-HI_0809	pckA	phosphoenolpyruvate_carboxykinase
gene-HI_0810	.	conserved_hypothetical_protein
gene-HI_0811	argH	argininosuccinate_lyase
gene-HI_0812	galU	glucosephosphate_uridylyltransferase
gene-HI_0813	csrA	carbon_storage_regulator
gene-HI_0814	alaS	alanyl-tRNA_synthetase
gene-HI_0815	uspA	universal_stress_protein_A
gene-HI_0816	pepP	aminopeptidase_P
gene-HI_0817	.	conserved_hypothetical_protein
gene-HI_0818	galM	aldose_1-epimerase
gene-HI_0819	galK	galactokinase
gene-HI_0820	galT	galactose-1-phosphate_uridylyltransferase
gene-HI_0821	galR	galactose_operon_repressor
gene-HI_0822	mglB	galactose_ABC_transporter%2C_periplasmic-binding_protein
gene-HI_0823	mglA	galactoside_ABC_transporter%2C_ATP-binding_protein
gene-HI_0824	mglC	galactoside_ABC_transporter%2C_permease_protein
gene-HI_0825	.	predicted_coding_region_HI0825
gene-HI_0826	.	conserved_hypothetical_transmembrane_protein
gene-HI_0827	.	conserved_hypothetical
gene-HI_0828	.	conserved_hypothetical_protein
gene-HI_0829	.	soluble_lytic_murein_transglycosylase%2C_putative
gene-HI_0830	trpR	trp_operon_repressor
gene-HI_0831	.	monofunctional_biosynthetic_peptidoglycan_transglycosylase
gene-HI_0832	frdD	fumarate_reductase%2C_13_kDa_hydrophobic_protein
gene-HI_0833	frdC	fumarate_reductase%2C_15_kDa_hydrophobic_protein
gene-HI_0834	frdB	fumarate_reductase%2C_iron-sulfur_protein
gene-HI_0835	frdA	fumarate_reductase%2C_flavoprotein_subunit
gene-HI_0836	genX	lysyl-tRNA_synthetase_analog
gene-HI_0837	cpxR	response_regulator
gene-HI_0838	.	small_protein_A%2C_putative
gene-HI_0839	.	conserved_hypothetical_protein
gene-HI_0840	.	conserved_hypothetical_protein
gene-HI_0841	.	conserved_hypothetical_protein
gene-HI_0842	.	predicted_coding_region_HI0842
gene-HI_0843	.	predicted_coding_region_HI0843
gene-HI_0844	mob	molybdopterin-guanine_dinucleotide_biosynthesis_protein
gene-HI_0845	.	conserved_hypothetical_protein
gene-HI_0846	por	periplasmic_oxidoreductase
gene-HI_0847	.	conserved_hypothetical_protein
gene-HI_0848	uracil-5-)-methyltransferase_(trmA	tRNA
gene-HI_0849	.	conserved_hypothetical_protein
gene-HI_0850	.	sigma-E_factor_regulatory_protein%2C_putative
gene-HI_0851	mobB	molybdopterin-guanine_dinucleotide_biosynthesis_protein_B
gene-HI_0852	.	conserved_hypothetical_transmembrane_protein
gene-HI_0853	dppA	heme-binding_lipoprotein
gene-HI_0854	.	conserved_hypothetical_protein
gene-HI_0855	.	conserved_hypothetical_protein
gene-HI_0856	polA	DNA_polymerase_I
gene-HI_0857	.	conserved_hypothetical_protein
gene-HI_0858	.	conserved_hypothetical_protein
gene-HI_0859	clpB	ATP-dependent_Clp_protease%2C_ATPase_subunit
gene-HI_0860	.	conserved_hypothetical_protein
gene-HI_0861	vacB	virulence-associated_protein
gene-HI_0862	.	conserved_hypothetical_protein
gene-HI_0863	pdxH	pyridoxamine_phosphate_oxidase
gene-HI_0864	.	GTP-binding_protein
gene-HI_0865	glnA	glutamine_synthetase
gene-HI_0866	.	predicted_coding_region_HI0866
gene-HI_0867	.	lipopolysaccharide_biosynthesis_protein%2C_putative
gene-HI_0868	.	conserved_hypothetical_protein
gene-HI_0869	.	predicted_coding_region_HI0869
gene-HI_0870	.	predicted_coding_region_HI0870
gene-HI_0870.1	.	predicted_coding_region_HI0870.1
gene-HI_0871	.	predicted_coding_region_HI0871
gene-HI_0872	rfbP	undecaprenyl-phosphate_galactosephosphotransferase
gene-HI_0873	rffG	DTDP-glucose_4%2C6-dehydratase
gene-HI_0874	.	predicted_coding_region_HI0874
gene-HI_0876	ndk	nucleoside_diphosphate_kinase
gene-HI_0877	yhbZ	GTP-binding_protein
gene-HI_0878	.	conserved_hypothetical_protein
gene-HI_0879	rpL27	ribosomal_protein_L27
gene-HI_0880	rpL21	ribosomal_protein_L21
gene-HI_0881	ispB	octaprenyl-diphosphate_synthase
gene-HI_0882	.	predicted_coding_region_HI0882
gene-HI_0883	.	amino_acid_carrier_protein%2C_putative
gene-HI_0884	arcA	aerobic_respiration_control_protein_ARCA
gene-HI_0885	dsbD	thiol:disulfide_interchange_protein
gene-HI_0886	.	predicted_coding_region_HI0886
gene-HI_0887	purH	phosphoribosylaminoimidazolecarboxamide_formyltransferase
gene-HI_0888	purD	phosphoribosylamine--glycine_ligase
gene-HI_0889	serine_methylase)_(glyA	serine_hydroxymethyltransferase
gene-HI_0890	.	conserved_hypothetical_protein
gene-HI_0891	.	conserved_hypothetical_protein
gene-HI_0892	rhlB	ATP-dependent_RNA_helicase
gene-HI_0893	Bm3R1	transcriptional_repressor
gene-HI_0894	.	lipoprotein%2C_putative
gene-HI_0895	acrB	acriflavine_resistance_protein
gene-HI_0896	ftsN	cell_division_protein
gene-HI_0897	emrB	multidrug_resistance_protein_B
gene-HI_0898	emrA	multidrug_resistance_protein_A
gene-HI_0899	folA	dihydrofolate_reductase
gene-HI_0900	gamma-glutamyl_kinase)_(proB	glutamate_5-kinase
gene-HI_0901	.	conserved_hypothetical_protein
gene-HI_0902	.	conserved_hypothetical_protein
gene-HI_0904	lgt	prolipoprotein_diacylglyceryl_transferase
gene-HI_0905	thyA	thymidylate_synthetase
gene-HI_0906	.	conserved_hypothetical_protein
gene-HI_0907	.	predicted_coding_region_HI0907
gene-HI_0908	.	predicted_coding_region_HI0908
gene-HI_0909	secA	preprotein_translocase_SecA_subunit
gene-HI_0910	mutT	mutator_mutT_protein
gene-HI_0911	kefC	glutathione-regulated_potassium_efflux_system_protein
gene-HI_0912	.	predicted_coding_region_HI0912
gene-HI_0913	rpS2	ribosomal_protein_S2
gene-HI_0914	tsf	elongation_factor_Ts
gene-HI_0915	lpxD	UDP-3-O-(3-hydroxymyristoyl)-glucosamine_N-acyltransferase
gene-HI_0916	.	outer_membrane_protein%2C_putative
gene-HI_0917	.	protective_surface_antigen_D15
gene-HI_0918	.	conserved_hypothetical_transmembrane_protein
gene-HI_0919	cdsA	CDP-diglyceride_synthetase
gene-HI_0920	.	conserved_hypothetical_protein
gene-HI_0921	leuS	leucyl-tRNA_synthetase
gene-HI_0922	.	rare_lipoprotein_B%2C_putative
gene-HI_0923	holA	DNA_polymerase_III%2C_delta_subunit
gene-HI_0924	glyS	glycyl-tRNA_synthetase%2C_beta_chain
gene-HI_0925	.	conserved_hypothetical_protein
gene-HI_0926	.	predicted_coding_region_HI0926
gene-HI_0927	glyQ	glycyl-tRNA_synthetase%2C_alpha_chain
gene-HI_0928	hktE	catalase
gene-HI_0929	.	conserved_hypothetical_protein
gene-HI_0930	.	predicted_coding_region_HI0930
gene-HI_0931	.	predicted_coding_region_HI0931
gene-HI_0932	eno	enolase
gene-HI_0933	.	conserved_hypothetical_transmembrane_protein
gene-HI_0934	nrfF	cytochrome_C-type_biogenesis_protein
gene-HI_0935	dsbE	thiol:disulfide_interchange_protein
gene-HI_0936	.	cytochrome_C-type_biogenesis
gene-HI_0937	suhB	extragenic_suppressor
gene-HI_0938	.	predicted_coding_region_HI0938
gene-HI_0939	.	predicted_coding_region_HI0939
gene-HI_0940	.	predicted_coding_region_HI0940
gene-HI_0941	.	predicted_coding_region_HI0941
gene-HI_0942	recC	exodeoxyribonuclease_V%2C_gamma_chain
gene-HI_0943	.	conserved_hypothetical_protein
gene-HI_0944	ribD	riboflavin_biosynthesis_protein
gene-HI_0945	degS	protease
gene-HI_0946	fpg	formamidopyrimidine-DNA_glycosylase
gene-HI_0946.1	.	L-2%2C4-diaminobutyrate_decarboxylase
gene-HI_0947	vapC	virulence_associated_protein_C
gene-HI_0948	.	conserved_hypothetical_protein
gene-HI_0949	.	aminotransferase
gene-HI_0950	rpL33	ribosomal_protein_L33
gene-HI_0951	rpL28	ribosomal_protein_L28
gene-HI_0952	radC	DNA_repair_protein
gene-HI_0953	dfp	DNA/pantothenate_metabolism_flavoprotein
gene-HI_0954	dut	deoxyuridinetriphosphatase
gene-HI_0955	ttk	transcriptional_regulator
gene-HI_0956	.	conserved_hypothetical_protein
gene-HI_0957	crp	catabolite_gene_activator
gene-HI_0958	.	RNA_methyltransferase%2C_putative
gene-HI_0959	exoII	beta-hexosaminidase
gene-HI_0960	.	predicted_coding_region_HI0960
gene-HI_0961	.	hit-related_protein
gene-HI_0963	ribF	riboflavin_kinase_/_FMN_adenylyltransferase
gene-HI_0964	mviN	virulence_factor
gene-HI_0965	rpS20	ribosomal_protein_S20
gene-HI_0966	.	predicted_coding_region_HI0966
gene-HI_0967	.	predicted_coding_region_HI0967
gene-HI_0968	menB	naphthoate_synthase
gene-HI_0969	menC	O-succinylbenzoate-CoA_synthase
gene-HI_0970	aroQ	3-dehydroquinase
gene-HI_0971	accB	acetyl-CoA_carboxylase%2C_biotin_carboxyl_carrier_protein
gene-HI_0972	accC	acetyl-CoA_carboxylase%2C_biotin_carboxylase
gene-HI_0973	.	predicted_coding_region_HI0973
gene-HI_0974	.	predicted_coding_region_HI0974
gene-HI_0974.1	.	conserved_hypothetical_protein
gene-HI_0975	panF	sodium/pantothenate_symporter
gene-HI_0976	.	conserved_hypothetical_protein
gene-HI_0976.1	.	conserved_hypothetical_protein
gene-HI_0977	fic	cell_filamentation_protein
gene-HI_0978	prmA	ribosomal_protein_L11_methyltransferase
gene-HI_0979	nifR3	nitrogen_fixation_protein
gene-HI_0980	fis	Hin_recombinational_enhancer_binding_protein
gene-HI_0981	smpB	small_protein_B
gene-HI_0982	pfkA	6-phosphofructokinase
gene-HI_0983	.	predicted_coding_region_HI0983
gene-HI_0984	.	conserved_hypothetical_protein
gene-HI_0985	dprA	DNA_processing_chain_A
gene-HI_0986	leuA	2-isopropylmalate_synthase
gene-HI_0987	beta-IPM_dehydrogenase)_(leuB	3-isopropylmalate_dehydrogenase
gene-HI_0988	leuC	3-isopropylmalate_dehydratase%2C_alpha_subunit
gene-HI_0989	leuD	3-isopropylmalate_dehydratase_small_subunit
gene-HI_0990	iga1	immunoglobin_A1_protease
gene-HI_0991	recF	DNA/ATP_binding_protein
gene-HI_0992	dnaN	DNA_polymerase_III%2C_beta_subunit
gene-HI_0993	dnaA	chromosomal_replication_initiator_protein
gene-HI_0994	tbp1	transferrin-binding_protein_1_precursor
gene-HI_0995	tbp2	transferrin-binding_protein_2_precursor
gene-HI_0996	.	predicted_coding_region_HI0996
gene-HI_0997	.	predicted_coding_region_HI0997
gene-HI_0998	rpL34	ribosomal_protein_L34
gene-HI_0999	rnpA	ribonuclease_P
gene-HI_1000	.	hemolysin%2C_putative
gene-HI_1001	yidC	inner_membrane_protein%2C_60_kDa
gene-HI_1002	thdF	thiophene_and_furan_oxidation_protein
gene-HI_1004	.	peptidyl-prolyl_cis-trans_isomerse%2C_putative
gene-HI_1005	.	conserved_hypothetical_protein
gene-HI_1006	lspA	lipoprotein_signal_peptidase
gene-HI_1007	lytB	penicillin_tolerance_protein
gene-HI_1008	.	conserved_hypothetical_protein
gene-HI_1009	glpR	glycerol-3-phosphate_regulon_repressor
gene-HI_1010	.	3-hydroxyisobutyrate_dehydrogenase%2C_putative
gene-HI_1011	.	conserved_hypothetical_protein
gene-HI_1012	.	sugar_isomerase%2C_putative
gene-HI_1013	.	conserved_hypothetical_protein
gene-HI_1014	.	conserved_hypothetical_protein
gene-HI_1015	gntP	gluconate_permease
gene-HI_1016	.	predicted_coding_region_HI1016
gene-HI_1017	glpF	glycerol_uptake_facilitator_protein
gene-HI_1019	tbpA	thiamin_ABC_transporter%2C_periplasmic-binding_protein
gene-HI_1020	.	thiamin_ABC_transporter%2C_permease_protein%2C_putative
gene-HI_1021	.	thiamin_ABC_transporter%2C_ATP-binding_protein%2C_putative
gene-HI_1022	bioB	biotin_synthetase
gene-HI_1023	tktA	transketolase_1
gene-HI_1024	.	hexulose-6-phosphate_synthase%2C_putative
gene-HI_1025	araD	L-ribulose-5-phosphate_4-epimerase
gene-HI_1026	.	hexulose-6-phosphate_isomerase%2C_putative
gene-HI_1027	lyx	L-xylulose_kinase
gene-HI_1028	.	conserved_hypothetical_protein
gene-HI_1029	.	conserved_hypothetical_transmembrane_protein
gene-HI_1030	.	conserved_hypothetical_transmembrane_protein
gene-HI_1031	.	conserved_hypothetical_protein
gene-HI_1032	.	transcriptional_regulator%2C_putative
gene-HI_1033	serB	phosphoserine_phosphatase
gene-HI_1034	.	conserved_hypothetical_protein
gene-HI_1035	corA	magnesium_and_cobalt_transport_protein
gene-HI_1036	.	conserved_hypothetical_protein
gene-HI_1037	.	conserved_hypothetical_protein
gene-HI_1037.1	.	predicted_coding_region_HI1037.1
gene-HI_1038	.	conserved_hypothetical_protein
gene-HI_1040	.	type_II_restriction_enzyme%2C_putative
gene-HI_1041	.	modification_methylase
gene-HI_1043	napF	ferredoxin-type_protein
gene-HI_1044	.	conserved_hypothetical_protein
gene-HI_1045	dmsC	anaerobic_dimethyl_sulfoxide_reductase%2C_chain_C
gene-HI_1046	dmsB	anaerobic_dimethyl_sulfoxide_reductase%2C_chain_B
gene-HI_1047	dmsA	anaerobic_dimethyl_sulfoxide_reductase%2C_chain_A
gene-HI_1048	.	predicted_coding_region_HI1048
gene-HI_1049	merT	mercuric_ion_transport_protein
gene-HI_1050	merP	mercuric_ion_scavenger_protein
gene-HI_1051	.	ABC_transporter%2C_ATP-binding_protein
gene-HI_1052	.	transcriptional_regulator%2C_araC_family%2C_putative
gene-HI_1053	.	conserved_hypothetical_protein
gene-HI_1054	.	conserved_hypothetical_protein
gene-HI_1055	.	predicted_coding_region_HI1055
gene-HI_1056	.	predicted_coding_region_HI1056
gene-HI_1058	.	predicted_coding_region_HI1058
gene-HI_1059	rnhB	ribonuclease_HII
gene-HI_1060	lpxB	lipid-A-disaccharide_synthetase
gene-HI_1061	lpxA	UDP-N-acetylglucosamine_acetyltransferase
gene-HI_1062	acyl_carrier_protein)_dehydrase_(fabZ	(3R)-hydroxymyristol
gene-HI_1063	.	predicted_coding_region_HI1063
gene-HI_1064	.	conserved_hypothetical_protein
gene-HI_1065	pyrH	uridylate_kinase
gene-HI_1066	nrfD	nitrite_reductase%2C_transmembrane_protein
gene-HI_1067	nrfC	nitrite_reductase%2C_Fe-S_protein
gene-HI_1068	nrfB	nitrite_reductase%2C_cytochrome_C-type_protein
gene-HI_1069	nrfA	nitrite_reductase%2C_cytochrome_C552
gene-HI_1070	hrpa	ATP-dependent_helicase
gene-HI_1073	.	conserved_hypothetical_protein
gene-HI_1074	.	conserved_hypothetical_protein
gene-HI_1075	cydB	cytochrome_D_ubiquinol_oxidase%2C_subunit_II
gene-HI_1076	cydA	cytochrome_D_ubiquinol_oxidase%2C_subunit_I
gene-HI_1077	pyrG	CTP_synthetase
gene-HI_1077.1	.	predicted_coding_region_HI1077.1
gene-HI_1078	.	amino_acid_ABC_transporter%2C_ATP-binding_protein
gene-HI_1079	.	amino_acid_ABC_transporter%2C_permease_protein
gene-HI_1080	.	amino_acid_ABC_transporter%2C_periplasmic-binding_protein
gene-HI_1081	murZ	UDP-N-acetylglucosamine_1-carboxyvinyltransferase
gene-HI_1082	.	conserved_hypothetical_protein
gene-HI_1083	.	anti-sigma_factor_B_antagonist%2C_putative
gene-HI_1084	.	conserved_hypothetical_protein
gene-HI_1085	.	conserved_hypothetical_protein
gene-HI_1086	.	conserved_hypothetical_protein
gene-HI_1087	.	ABC_transporter%2C_ATP-binding_protein
gene-HI_1088	sodA	superoxide_dismutase
gene-HI_1089	ccmA	heme_exporter_ATP-binding_protein_A
gene-HI_1090	ccmB	heme_exporter_protein_B
gene-HI_1091	ccmC	heme_exporter_protein_C
gene-HI_1092	ccmD	heme_exporter_protein_D
gene-HI_1093	ccmE	cytochrome_C-type_biogenesis_protein
gene-HI_1094	ccmF	cytochrome_C-type_biogenesis_protein
gene-HI_1095	dsbE	thiol:disulfide_interchange_protein
gene-HI_1098	.	predicted_coding_region_HI1098
gene-HI_1099	.	predicted_coding_region_HI1099
gene-HI_1100	lig	DNA_ligase
gene-HI_1101	.	cell_division_protein_ZipA%2C_putative
gene-HI_1102	cysZ	cysteine_synthetase%2C_putative
gene-HI_1103	cysK	cysteine_synthetase
gene-HI_1104	.	transporter_protein
gene-HI_1105	rfaF	ADP-heptose--LPS_heptosyltransferase_II
gene-HI_1106	xylR	xylose_operon_regluatory_protein
gene-HI_1107	nhaC	Na+/H+_antiporter
gene-HI_1109	xylH	D-xylose_ABC_transporter%2C_permease_protein
gene-HI_1110	xylG	D-xylose_ABC_transporter%2C_ATP-binding_protein
gene-HI_1111	xylF	D-xylose_ABC_transporter%2C_periplasmic-binding_protein
gene-HI_1112	xylA	xylose_isomerase
gene-HI_1113	.	xylulose_kinase
gene-HI_1114	rfaD	ADP-L-glycero-D-mannoheptose-6-epimerase
gene-HI_1115	.	thioredoxin%2C_putative
gene-HI_1116	deoC	deoxyribose-phosphate_aldolase
gene-HI_1117	comM	competence_protein
gene-HI_1118	.	conserved_hypothetical_GTP-binding_protein
gene-HI_1119	lapB	membrane_protein
gene-HI_1120	oppF	oligopeptide_ABC_transporter%2C_ATP-binding_protein
gene-HI_1121	oppD	oligopeptide_ABC_transporter%2C_ATP-binding_protein
gene-HI_1122	oppC	oligopeptide_ABC_transporter%2C_permease_protein
gene-HI_1123	oppB	oligopeptide_ABC_transporter%2C_permease_protein
gene-HI_1124	oppA	oligopeptide_ABC_transporter%2C_periplasmic-binding_protein
gene-HI_1125	talB	transaldolase_B
gene-HI_1126	.	predicted_coding_region_HI1126
gene-HI_1126.1	.	predicted_coding_region_HI1126.1
gene-HI_1127	.	predicted_coding_region_HI1127
gene-HI_1128	.	predicted_coding_region_HI1128
gene-HI_1129	.	conserved_hypothetical_protein
gene-HI_1130	.	conserved_hypothetical_protein
gene-HI_1131	ftsL	cell_division_protein
gene-HI_1132	ftsI	penicillin-binding_protein_3
gene-HI_1133	murE	UDP-N-acetylmuramyl-tripeptide_synthetase
gene-HI_1134	murF	UDP-MurNAc-pentapeptide_synthetase
gene-HI_1135	mraY	phospho-N-acetylmuramoyl-pentapeptide-transferase_E
gene-HI_1136	murD	UDP-N-acetylmuramoylalanine--D-glutamate_ligase
gene-HI_1137	ftsW	cell_division_protein
gene-HI_1138	murG	UDP-N-acetylglucosamine--N-acetylmuramyl-(pentapeptide)_pyrophosphoryl-undecaprenol_N-acetylglucosamine_transferase
gene-HI_1139	murC	UDP-N-acetylmuramate--alanine_ligase
gene-HI_1140	ddlB	D-alanine--D-alanine_ligase
gene-HI_1141	ftsQ	cell_division_protein
gene-HI_1142	ftsA	cell_division_protein
gene-HI_1143	ftsZ	cell_division_protein
gene-HI_1144	lpxC	UDP-3-0-(3-hydroxymyristoyl)_N-acetylglucosamine_deacetylase
gene-HI_1145	pheA	chorismate_mutase_/_prephenate_dehydratase
gene-HI_1146	.	conserved_hypothetical_protein
gene-HI_1147	ptsN	nitrogen_regulatory_IIA_protein
gene-HI_1148	.	ABC_transporter%2C_ATP-binding_protein
gene-HI_1149	.	conserved_hypothetical_protein
gene-HI_1150	.	conserved_hypothetical_protein
gene-HI_1151	.	conserved_hypothetical_protein
gene-HI_1152	pmbA	pmbA_protein
gene-HI_1153	hpt	hypoxanthine_phosphoribosyltransferase
gene-HI_1154	.	proton_glutamate_symport_protein%2C_putative
gene-HI_1155	nrdG	anaerobic_ribonucleoside-triphosphate_reductase_activating_protein
gene-HI_1156	cydC	transport_ATP-binding_protein
gene-HI_1157	cydD	ATP-binding_protein_protein
gene-HI_1158	trxB	thioredoxin_reductase
gene-HI_1159	.	conserved_hypothetical_protein
gene-HI_1160	hemH	ferrochelatase
gene-HI_1161	.	conserved_hypothetical_protein
gene-HI_1162	.	conserved_hypothetical_protein
gene-HI_1163	.	conserved_hypothetical_protein
gene-HI_1164	ompA	outer_membrane_protein_P5
gene-HI_1165	.	conserved_hypothetical_protein
gene-HI_1166	hisH	histidinol-phosphate_aminotransferase
gene-HI_1167	serC	phosphoserine_aminotransferase
gene-HI_1168	.	conserved_hypothetical_protein
gene-HI_1169	.	predicted_coding_region_HI1169
gene-HI_1170	.	predicted_coding_region_HI1170
gene-HI_1171	trpG	anthranilate_synthase_component_II
gene-HI_1172	metX	S-adenosylmethionine_synthetase
gene-HI_1173	sprT	sprt_protein
gene-HI_1174	.	opacity_protein%2C_putative
gene-HI_1176	.	predicted_coding_region_HI1176
gene-HI_1177	artM	arginine_ABC_transporter%2C_permease_protein
gene-HI_1178	artQ	arginine_ABC_transporter%2C_permease_protein
gene-HI_1179	artI	arginine_ABC_transporter%2C_periplasmic-binding_protein
gene-HI_1180	artP	arginine_ABC_transporter%2C_ATP-binding_protein
gene-HI_1181	gmhA	phosphoheptose_isomerase
gene-HI_1182	.	predicted_coding_region_HI1182
gene-HI_1183	.	predicted_coding_region_HI1183
gene-HI_1184	dppF	dipeptide_ABC_transporter%2C_ATP-binding_protein
gene-HI_1185	dppD	dipeptide_ABC_transporter%2C_ATP-binding_protein
gene-HI_1186	dppC	dipeptide_ABC_transporter%2C_permease_protein
gene-HI_1187	dppB	dipeptide_ABC_transporter%2C_permease_protein
gene-HI_1188	uvrD	DNA_helicase_II
gene-HI_1189	.	conserved_hypothetical_protein
gene-HI_1190	.	6-pyruvoyl_tetrahydrobiopterin_synthase%2C_putative
gene-HI_1191	.	conserved_hypothetical_protein
gene-HI_1192	.	predicted_coding_region_HI1192
gene-HI_1193	ilvE	branched-chain-amino-acid_transaminase
gene-HI_1194	gcvA	glycine_cleavage_system_transcriptional_activator
gene-HI_1195	.	conserved_hypothetical_protein
gene-HI_1196	sucC	succinyl-CoA_synthetase%2C_beta_subunit
gene-HI_1197	sucD	succinyl-CoA_synthetase%2C_alpha_subunit
gene-HI_1198	.	conserved_hypothetical_protein
gene-HI_1199	.	conserved_hypothetical_protein
gene-HI_1200	cysB	cys_regulon_transcriptional_activator
gene-HI_1201	.	adenine_specific_methylase%2C_putative
gene-HI_1202	.	conserved_hypothetical_protein
gene-HI_1203	pta	phosphate_acetyltransferase
gene-HI_1204	ackA	acetate_kinase
gene-HI_1205	.	conserved_hypothetical_protein
gene-HI_1206	cvpA	colicin_V_production_protein
gene-HI_1207	purF	amidophosphoribosyltransferase
gene-HI_1208	.	conserved_hypothetical_protein
gene-HI_1209	argR	arginine_repressor
gene-HI_1210	mdh	malate_dehydrogenase
gene-HI_1211	lysU	lysyl-tRNA_synthetase
gene-HI_1213	dsbC	thiol:disulfide_interchange_protein
gene-HI_1215	dsbA	thiol:disulfide_interchange_protein
gene-HI_1216	pfs	pfs_protein
gene-HI_1217	.	transferrin-binding_protein%2C_putative
gene-HI_1218	lctP	L-lactate_permease
gene-HI_1219	cmkA	cytidylate_kinase_1
gene-HI_1220	rpS1	ribosomal_protein_S1
gene-HI_1221	himD	integration_host_factor%2C_beta-subunit
gene-HI_1222	.	conserved_hypothetical_protein
gene-HI_1223	.	conserved_hypothetical_protein
gene-HI_1224	pyrF	orotidine_5'-phosphate_decarboxylase
gene-HI_1225	.	conserved_hypothetical_protein
gene-HI_1225.1	.	conserved_hypothetical_protein
gene-HI_1227	uraA	uracil_permease
gene-HI_1228	upp	uracil_phosphoribosyltransferase
gene-HI_1229	dnaX	DNA_polymerase_III%2C_subunits_gamma_and_tau
gene-HI_1230	apt	adenine_phosphoribosyltransferase
gene-HI_1231	lpdA	dihydrolipoamide_dehydrogenase
gene-HI_1232	aceF	dihydrolipoamide_acetyltransferase
gene-HI_1233	aceE	pyruvate_dehydrogenase%2C_E1_component
gene-HI_1234	mgsA	methylglyoxal_synthase
gene-HI_1235	.	predicted_coding_region_HI1235
gene-HI_1236	.	conserved_hypothetical_protein
gene-HI_1237	dnaK	heat_shock_protein_70
gene-HI_1238	dnaJ	heat_shock_protein
gene-HI_1239	proA	gamma-glutamyl_phosphate_reductase
gene-HI_1240	.	conserved_hypothetical_transmembrane_protein
gene-HI_1241	.	predicted_coding_region_HI1241
gene-HI_1242	bcr	bicyclomycin_resistance_protein
gene-HI_1243	rsuA	16s_pseudouridylate_516_synthase
gene-HI_1244	.	predicted_coding_region_HI1244
gene-HI_1245	.	malate_oxidoreductase%2C_putative
gene-HI_1246	.	predicted_coding_region_HI1246
gene-HI_1247	uvrB	excinuclease_ABC%2C_subunit_B
gene-HI_1248	.	predicted_coding_region_HI1248
gene-HI_1249	.	predicted_coding_region_HI1249
gene-HI_1250	.	predicted_coding_region_HI1250
gene-HI_1251	vapA	virulence_associated_protein_A
gene-HI_1252	.	ABC_transporter%2C_ATP-binding_protein
gene-HI_1253	.	conserved_hypothetical_protein
gene-HI_1254	.	conserved_hypothetical_protein
gene-HI_1255	.	predicted_coding_region_HI1255
gene-HI_1256	.	predicted_coding_region_HI1256
gene-HI_1257	.	predicted_coding_region_HI1257
gene-HI_1258	mfd	transcription-repair_coupling_factor
gene-HI_1259	.	periplasmic_serine_protease
gene-HI_1260	accD	acetyl-CoA_carboxylase_carboxyl_transferase_subunit_beta
gene-HI_1261	folC	folylpolyglutamate_synthase/dihydrofolate_synthase
gene-HI_1262	sanA	sanA_protein
gene-HI_1263	met2	homoserine_acetyltransferase
gene-HI_1264	gyrA	DNA_gyrase%2C_subunit_A
gene-HI_1265	.	conserved_hypothetical_protein
gene-HI_1266	.	predicted_coding_region_HI1266
gene-HI_1268	.	predicted_coding_region_HI1268
gene-HI_1269	.	predicted_coding_region_HI1269
gene-HI_1272	.	ABC_transporter%2C_ATP-binding_protein
gene-HI_1273	.	conserved_hypothetical_protein
gene-HI_1274	.	hydroxyacylglutathione_hydrolase%2C_putative
gene-HI_1275	tehB	tellurite_resistance_protein
gene-HI_1276	metG	methionyl-tRNA_synthetase
gene-HI_1277	mrp	ATP-binding_protein
gene-HI_1278	.	NAD(P)H-flavin_oxidoreductase
gene-HI_1279	neuA	acylneuraminate_cytidylyltransferase
gene-HI_1280	.	conserved_hypothetical_protein
gene-HI_1282	.	conserved_hypothetical_protein
gene-HI_1283	nusA	N_utilization_substance_protein_A
gene-HI_1284	infB	translation_initiation_factor_2
gene-HI_1285	hsdR	type_I_restriction_enzyme
gene-HI_1286	hsdS	type_I_restriction/modification_specificity_protein
gene-HI_1287	hsdM	type_I_modification_enzyme
gene-HI_1288	rbfA	ribosome_binding_factor_A
gene-HI_1289	truB	tRNA_pseudouridine_55_synthase
gene-HI_1290	tyrA	chorismate_mutase_/_prephenate_dehydrogenase
gene-HI_1291	.	conserved_hypothetical_protein
gene-HI_1292	.	predicted_coding_region_HI1292
gene-HI_1293	.	conserved_hypothetical_protein
gene-HI_1295	.	nifS_protein%2C_putative
gene-HI_1296	.	nuclease%2C_putative
gene-HI_1297	.	conserved_hypothetical_protein
gene-HI_1298	.	conserved_hypothetical_transmembrane_protein
gene-HI_1300	.	ABC_transporter%2C_ATP-binding_protein
gene-HI_1301	.	carbonic_anhydrase%2C_putative
gene-HI_1302	asnS	asparaginyl-tRNA_synthetase
gene-HI_1303	ribH	riboflavin_synthase%2C_beta_chain
gene-HI_1304	nusB	N_utilization_substance_protein_B
gene-HI_1305	thiL	thiamin-monophosphate_kinase
gene-HI_1306	pgpA	phosphatidylglycerophosphatase_A
gene-HI_1307	.	conserved_hypothetical_protein
gene-HI_1308	dapB	dihydrodipicolinate_reductase
gene-HI_1309	.	conserved_hypothetical_protein
gene-HI_1310	.	predicted_coding_region_HI1310
gene-HI_1311	pheS	phenylalanyl-tRNA_synthetase%2C_alpha_subunit
gene-HI_1312	pheT	phenylalanyl-tRNA_synthetase%2C_beta_subunit
gene-HI_1313	himA	integration_host_factor%2C_alpha-subunit
gene-HI_1314	nlpC	lipoprotein
gene-HI_1315	.	predicted_coding_region_HI1315
gene-HI_1316	.	predicted_coding_region_HI1316
gene-HI_1317	.	conserved_hypothetical_protein
gene-HI_1318	infC	translation_initiation_factor_3
gene-HI_1319	rpL35	ribosomal_protein_L35
gene-HI_1320	rpL20	ribosomal_protein_L20
gene-HI_1321	recB	exodeoxyribonuclease_V%2C_beta_chain
gene-HI_1322	recD	exodeoxyribonuclease_V%2C_alpha_chain
gene-HI_1323	.	conserved_hypothetical_protein
gene-HI_1324	.	lon_protease%2C_putative
gene-HI_1325	fabA	3-hydroxydecanoyl-(acyl_carrier-protein)_dehydratase
gene-HI_1326	.	predicted_coding_region_HI1326
gene-HI_1327	.	predicted_coding_region_HI1327
gene-HI_1328	rpS15	ribosomal_protein_S15
gene-HI_1328.1	.	predicted_coding_region_HI1328.1
gene-HI_1329	IS1016-V6	IS1016-V6_protein
gene-HI_1330	dacB	D-alanyl-D-alanine_carboxypeptidase/D-alanyl-D-alanine-endopeptidase
gene-HI_1331	greA	transcription_elongation_factor
gene-HI_1333	.	conserved_hypothetical_protein
gene-HI_1334	ftsJ	cell_division_protein
gene-HI_1335	ftsH	cell_division_protein
gene-HI_1336	folP-1	dihydropteroate_synthase
gene-HI_1337	mrsA	mrsA_protein
gene-HI_1338	.	conserved_hypothetical_protein
gene-HI_1339	.	predicted_coding_region_HI1339
gene-HI_1340	.	conserved_hypothetical_protein
gene-HI_1341	.	predicted_coding_region_HI1341
gene-HI_1343	.	predicted_coding_region_HI1343
gene-HI_1342	.	ABC_transporter%2C_ATP-binding_protein
gene-HI_1344	potD	spermidine/putrescine_ABC_transporter%2C_periplasmic-binding_protein
gene-HI_1345	potC	spermidine/putrescine_ABC_transporter%2C_permease_protein
gene-HI_1346	potB	spermidine/putrescine_ABC_transporter%2C_permease_protein
gene-HI_1347	potA	spermidine/putrescine_ABC_transporter%2C_ATP-binding_protein
gene-HI_1348	pepT	peptidase_T
gene-HI_1349	.	conserved_hypothetical_protein
gene-HI_1350	cdd	cytidine_deaminase
gene-HI_1351	.	conserved_hypothetical_protein
gene-HI_1352	proline_permease)_(putP	sodium/proline_symporter
gene-HI_1353	cafA	cytoplasmic_axial_filament_protein
gene-HI_1354	glnS	glutaminyl-tRNA_synthetase
gene-HI_1355	.	conserved_hypothetical_protein
gene-HI_1356	malQ	4-alpha-glucanotransferase
gene-HI_1357	glgB	1%2C4-alpha-glucan_branching_enzyme
gene-HI_1358	glgX	glycogen_operon_protein
gene-HI_1359	glgC	glucose-1-phosphate_adenylyltransferase
gene-HI_1360	glgA	glycogen_synthase
gene-HI_1361	glgP	glycogen_phosphorylase
gene-HI_1362	pntA	NAD(P)_transhydrogenase%2C_subunit_alpha
gene-HI_1363	pntB	NAD(P)_transhydrogenase%2C_subunit_beta
gene-HI_1364	.	transcriptional_regulator%2C_putative
gene-HI_1365	topA	DNA_topoisomerase_I
gene-HI_1366	acpD	acyl_carrier_protein_phosphodiesterase
gene-HI_1367	thrS	threonyl-tRNA_synthetase
gene-HI_1368	.	zinc_protease%2C_putative
gene-HI_1369	.	conserved_hypothetical_protein
gene-HI_1370	mopI	molybdenum-pterin_binding_protein
gene-HI_1371	.	desulfoviridin_gamma_subunit%2C_putative
gene-HI_1371.1	.	conserved_hypothetical_protein
gene-HI_1372	kicB	killing_protein
gene-HI_1373	kicA	killing_protein_suppressor
gene-HI_1374	mukB	cell_division_protein
gene-HI_1375	.	predicted_coding_region_HI1375
gene-HI_1376	.	predicted_coding_region_HI1376
gene-HI_1377	sbcB	exodeoxyribonuclease_I
gene-HI_1378	phoR	phosphate_regulon_sensor_protein
gene-HI_1379	phoB	phosphate_regulon_transcriptional_regulatory_protein
gene-HI_1381	pstA	phosphate_ABC_transporter%2C_permease_protein
gene-HI_1382	pstC	phosphate_ABC_transporter%2C_permease_protein
gene-HI_1383	pstS	phosphate_ABC_transporter%2C_periplasmic-binding_protein
gene-HI_1384	rsgA	ferritin
gene-HI_1385	rsgA	ferritin
gene-HI_1386	.	predicted_coding_region_HI1386
gene-HI_1387	trpE	anthranilate_synthase_component_I
gene-HI_1388	trpG	anthranilate_synthase_component_II
gene-HI_1388.1	.	predicted_coding_region_HI1388.1
gene-HI_1389	trpD	anthanilate_phosphoribosyltransferase
gene-HI_1389.1	trpC	indole-3-glycerol_phosphate_synthase_/_phosphoribosylanthranilate_isomerase
gene-HI_1390	hypG	hydrogenase_formation_protein
gene-HI_1391	valS	valyl-tRNA_synthetase
gene-HI_1392	hindIIIM	modification_methylase
gene-HI_1393	hindIIIR	Type_II_restriction_endonuclease
gene-HI_1394	.	conserved_hypothetical_protein
gene-HI_1395	.	predicted_coding_region_HI1395
gene-HI_1396	.	predicted_coding_region_HI1396
gene-HI_1397	holC	DNA_polymerase_III%2C_chi_subunit
gene-HI_1398	fumC	fumarate_hydratase%2C_class_II
gene-HI_1399	.	predicted_coding_region_HI1399
gene-HI_1400	.	conserved_hypothetical_protein
gene-HI_1401	pyrD	dihydroorotate_dehydrogenase
gene-HI_1402	.	predicted_coding_region_HI1402
gene-HI_1403	.	predicted_coding_region_HI1403
gene-HI_1404	.	predicted_coding_region_HI1404
gene-HI_1405	.	predicted_coding_region_HI1405
gene-HI_1406	.	predicted_coding_region_HI1406
gene-HI_1407	.	traN-related_protein
gene-HI_1409	.	predicted_coding_region_HI1409
gene-HI_1410	.	predicted_coding_region_HI1410
gene-HI_1411	.	terminase%2C_small_subunit
gene-HI_1412	.	conserved_hypothetical_protein
gene-HI_1413	.	predicted_coding_region_HI1413
gene-HI_1414	.	predicted_coding_region_HI1414
gene-HI_1415	.	predicted_coding_region_HI1415
gene-HI_1416	.	predicted_coding_region_HI1416
gene-HI_1418	.	predicted_coding_region_HI1418
gene-HI_1419	.	predicted_coding_region_HI1419
gene-HI_1420	.	predicted_coding_region_HI1420
gene-HI_1421	.	predicted_coding_region_HI1421
gene-HI_1422	.	predicted_coding_region_HI1422
gene-HI_1423	.	predicted_coding_region_HI1423
gene-HI_1424	.	integrase/recombinase%2C_putative
gene-HI_1425	and_nitrate)_reduction_regulatory_protein_(fnr	fumarate
gene-HI_1426	.	conserved_hypothetical_protein
gene-HI_1427	.	predicted_coding_region_HI1427
gene-HI_1428	purN	phosphoribosylglycinamide_formyltransferase
gene-HI_1429	purM	phosphoribosylaminoimidazole_synthetase
gene-HI_1430	.	short_chain_dehydrogenase/reductase
gene-HI_1431	trpB	tryptophan_synthase_beta_subunit
gene-HI_1432	trpA	tryptophan_synthase_alpha_subunit
gene-HI_1433	usg1	usg-1_protein
gene-HI_1434	.	transcriptional_regulator%2C_putative
gene-HI_1434.1	cspD	cold_shock-like_protein
gene-HI_1434.2	.	conserved_hypothetical_protein
gene-HI_1435	.	conserved_hypothetical_protein
gene-HI_1436	.	conserved_hypothetical_protein
gene-HI_1436.2	.	predicted_coding_region_HI1436.2
gene-HI_1437	xseB	exodeoxyribonuclease%2C_small_subunit
gene-HI_1438	ispA	geranyltranstransferase
gene-HI_1439	dxs)_{Escherichia_coli	1-deoxyxylulose-5-phosphate_synthase
gene-HI_1440	sspB	stringent_starvation_protein_B
gene-HI_1441	sspA	stringent_starvation_protein_A
gene-HI_1442	rpS9	ribosomal_protein_S9
gene-HI_1443	rpL13	ribosomal_protein_L13
gene-HI_1444	metF	5%2C10_methylenetetrahydrofolate_reductase
gene-HI_1445	bioD-1	dethiobiotin_synthase
gene-HI_1446	.	conserved_hypothetical_protein
gene-HI_1447	folE	GTP_cyclohydrolase_I
gene-HI_1448	moeA	molybdopterin_biosynthesis_protein
gene-HI_1449	moeB	molybdopterin_biosynthesis_protein
gene-HI_1450	.	conserved_hypothetical_protein
gene-HI_1452	.	predicted_coding_region_HI1452
gene-HI_1453	.	conserved_hypothetical_protein
gene-HI_1454	.	cytochrome_C-type_biogenesis_protein
gene-HI_1455	msrA	peptide_methionine_sulfoxide_reductase
gene-HI_1456	.	predicted_coding_region_HI1456
gene-HI_1457	.	opacity_protein%2C_putative
gene-HI_1458	.	predicted_coding_region_HI1458
gene-HI_1459	.	sigma_factor%2C_putative
gene-HI_1462	.	conserved_hypothetical_protein
gene-HI_1462.1	.	predicted_coding_region_HI1462.1
gene-HI_1462.2	.	conserved_hypothetical_protein
gene-HI_1463	mrsA	mrsA_protein
gene-HI_1464	folP-2	dihydropteroate_synthase
gene-HI_1465	.	cell_division_ftsH-related_protein
gene-HI_1466	.	predicted_coding_region_HI1466
gene-HI_1466.1	.	predicted_coding_region_HI1466.1
gene-HI_1467	.	ABC_transporter%2C_ATP-binding_protein
gene-HI_1468	rpS15	ribosomal_protein_S15
gene-HI_1469	.	predicted_coding_region_HI1469
gene-HI_1470	.	iron_chelatin_ABC_transporter%2C_ATP-binding_protein%2C_putative
gene-HI_1471	.	iron_chelatin_ABC_transporter%2C_permease_protein%2C_putative
gene-HI_1472	.	iron_chelatin_ABC_transporter%2C_periplasmic-binding_protein%2C_putative
gene-HI_1473	modD	molybdenum_transport_system_protein
gene-HI_1474	.	ABC_transporter%2C_ATP-binding_protein
gene-HI_1475	.	predicted_coding_region_HI1475
gene-HI_1476	.	transcriptional_regulatory_protein
gene-HI_1477	ner	DNA-binding_protein
gene-HI_1478	muA	transposase
gene-HI_1479	.	predicted_coding_region_HI1479
gene-HI_1480	.	predicted_coding_region_HI1480
gene-HI_1481	muB	DNA_transposition_protein
gene-HI_1482	.	predicted_coding_region_HI1482
gene-HI_1483	gam	host-nuclease_inhibitor_protein
gene-HI_1484	.	predicted_coding_region_HI1484
gene-HI_1485	.	predicted_coding_region_HI1485
gene-HI_1486	.	predicted_coding_region_HI1486
gene-HI_1487	.	predicted_coding_region_HI1487
gene-HI_1488	.	E16_protein%2C_putative
gene-HI_1489	.	predicted_coding_region_HI1489
gene-HI_1490	.	positive_regulator_of_late_transcription_{Bacteriophage_mu
gene-HI_1491	.	DNA-binding_protein%2C_putative
gene-HI_1492	.	predicted_coding_region_HI1492
gene-HI_1493	.	predicted_coding_region_HI1493
gene-HI_1494	.	N-acetylmuramoyl-L-alanine_amidase
gene-HI_1495	.	predicted_coding_region_HI1495
gene-HI_1496	.	predicted_coding_region_HI1496
gene-HI_1497	.	conserved_hypothetical_protein
gene-HI_1498	.	predicted_coding_region_HI1498
gene-HI_1498.1	.	predicted_coding_region_HI1498.1
gene-HI_1499	.	predicted_coding_region_HI1499
gene-HI_1500	.	predicted_coding_region_HI1500
gene-HI_1501	.	predicted_coding_region_HI1501
gene-HI_1502	.	predicted_coding_region_HI1502
gene-HI_1503	muG-1	G_protein
gene-HI_1504	muI	I_protein
gene-HI_1505	.	predicted_coding_region_HI1505
gene-HI_1506	.	predicted_coding_region_HI1506
gene-HI_1507	.	predicted_coding_region_HI1507
gene-HI_1508	.	conserved_hypothetical_protein
gene-HI_1509	.	conserved_hypothetical_protein
gene-HI_1510	.	conserved_hypothetical_protein
gene-HI_1511	muL	sheath_protein_gpL
gene-HI_1512	.	conserved_hypothetical_protein
gene-HI_1513	.	conserved_hypothetical_protein
gene-HI_1514	.	predicted_coding_region_HI1514
gene-HI_1515	muN	64_kDa_virion_protein
gene-HI_1518	.	predicted_coding_region_HI1518
gene-HI_1519	.	predicted_coding_region_HI1519
gene-HI_1520	.	conserved_hypothetical_protein
gene-HI_1521	.	conserved_hypothetical_protein
gene-HI_1522	.	predicted_coding_region_HI1522
gene-HI_1522.1	.	predicted_coding_region_HI1522.1
gene-HI_1523	.	predicted_coding_region_HI1523
gene-HI_1524	.	predicted_coding_region_HI1524
gene-HI_1525	.	molybdate-binding_periplasmic_protein%2C_putative
gene-HI_1526	rfaE	ADP-heptose_synthase
gene-HI_1527	htrB	lipid_A_biosynthesis_lauroyl_acyltransferase
gene-HI_1528	parE	topoisomerase_IV%2C_subunit_B
gene-HI_1529	parC	topoisomerase_IV%2C_subunit_A
gene-HI_1530	gltS	glutamate_permease
gene-HI_1531	rimK	ribosomal_protein_S6_modification_protein
gene-HI_1532	grx	glutaredoxin
gene-HI_1533	fabB	beta-ketoacyl-ACP_synthase_I
gene-HI_1534	.	conserved_hypothetical_protein
gene-HI_1535	.	conserved_hypothetical_protein
gene-HI_1536	.	conserved_hypothetical_protein
gene-HI_1537	licA	lic-1_operon_protein
gene-HI_1538	licB	lic-1_operon_protein
gene-HI_1539	licC	lic-1_operon_protein
gene-HI_1540	licD	lic-1_operon_protein
gene-HI_1541	sppA	protease_IV
gene-HI_1542	.	conserved_hypothetical_protein
gene-HI_1543	.	conserved_hypothetical_protein
gene-HI_1544	.	NAD(P)H_oxidoreductase%2C_putative
gene-HI_1545	.	sodium:dicarboxylate_symporter_protein
gene-HI_1546	.	impA_protein%2C_putative
gene-HI_1547	phenylalanine_repressible)_(aroG	phospho-2-dehydro-3-deoxyheptonate_aldolase
gene-HI_1548	.	conserved_hypothetical_transmembrane_protein
gene-HI_1549	.	ABC_transporter%2C_ATP-binding_protein
gene-HI_1550	bioD-2	dethiobiotin_synthase
gene-HI_1551	.	biotin_synthesis_protein%2C_putative
gene-HI_1552	.	predicted_coding_region_HI1552
gene-HI_1553	bioF	8-amino-7-oxononanoate_synthase
gene-HI_1554	bioA	adenosylmethionine-8-amino-7-oxononanoate_aminotransferase
gene-HI_1555	.	conserved_hypothetical_transmembrane_protein
gene-HI_1556	.	2-hydroxyacid_dehydrogenase
gene-HI_1557	kdsA	2-dehydro-3-deoxyphosphooctonate_aldolase
gene-HI_1558	.	conserved_hypothetical_protein
gene-HI_1559	hemK	hemK_protein
gene-HI_1560	.	predicted_coding_region_HI1560
gene-HI_1561	prfA	peptide_chain_release_factor_1
gene-HI_1562	.	predicted_coding_region_HI1562
gene-HI_1563	.	conserved_hypothetical_protein
gene-HI_1564	.	predicted_coding_region_HI1564
gene-HI_1564.1	.	predicted_coding_region_HI1564.1
gene-HI_1565	.	hemoglobin-binding_protein
gene-HI_1567	.	TonB-dependent_receptor%2C_putative
gene-HI_1568	muG-2	G_protein
gene-HI_1569	.	predicted_coding_region_HI1569
gene-HI_1570	.	predicted_coding_region_HI1570
gene-HI_1571	.	predicted_coding_region_HI1571
gene-HI_1573	pykA	pyruvate_kinase%2C_type_II
gene-HI_1574	dnaB	replicative_DNA_helicase
gene-HI_1575	alr	alanine_racemase%2C_biosynthetic
gene-HI_1576	pgi	glucose-6-phosphate_isomerase
gene-HI_1577	.	IS1016-V6_protein%2C_putative
gene-HI_1578	.	glycosyl_transferase%2C_putative
gene-HI_1579	lpp	15_kDa_peptidoglycan-associated_lipoprotein
gene-HI_1581	.	conserved_hypothetical_protein
gene-HI_1582	.	conserved_hypothetical_protein
gene-HI_1583	argS	arginyl-tRNA_synthetase
gene-HI_1584	ilvH	acetolactate_synthase_III_small_subunit
gene-HI_1585	ilvI	acetolactate_synthase_III_large_subunit
gene-HI_1586	.	conserved_hypothetical_integral_membrane_protein
gene-HI_1587	hns	DNA-binding_protein_H-NS
gene-HI_1588	purU	formyltetrahydrofolate_deformylase
gene-HI_1589	aroA	3-phosphoshikimate-1-carboxyvinyltransferase
gene-HI_1590	.	conserved_hypothetical_protein
gene-HI_1591	lolA	outer_membrane_lipoproteins_carrier_protein
gene-HI_1592	.	cell_division_protein_FtsK-related_protein
gene-HI_1593	.	predicted_coding_region_HI1593
gene-HI_1594	.	predicted_coding_region_HI1594
gene-HI_1595	.	predicted_coding_region_HI1595
gene-HI_1596	lrp	leucine_responsive_regulatory_protein
gene-HI_1597	radA	DNA_repair_protein
gene-HI_1598	.	conserved_hypothetical_protein
gene-HI_1599	.	predicted_coding_region_HI1599
gene-HI_1600	.	predicted_coding_region_HI1600
gene-HI_1601	.	predicted_coding_region_HI1601
gene-HI_1602	.	predicted_coding_region_HI1602
gene-HI_1603	.	conserved_hypothetical_protein
gene-HI_1604	.	phosphate_permease%2C_putative
gene-HI_1605	.	conserved_hypothetical_protein
gene-HI_1606	cca	tRNA_nucleotidyltransferase
gene-HI_1607	hemM	hemM_protein
gene-HI_1608	.	conserved_hypothetical_protein
gene-HI_1609	prsA	phosphoribosylpyrophosphate_synthetase
gene-HI_1610	tyrS	tyrosyl_tRNA_synthetase
gene-HI_1611	sfsA	sugar_fermentation_stimulation_protein
gene-HI_1612	.	conserved_hypothetical_transmembrane_protein
gene-HI_1613	ribE	riboflavin_synthase%2C_alpha_chain
gene-HI_1614	pepN	aminopeptidase_N
gene-HI_1615	purE	phosphoribosylaminoimidazole_carboxylase%2C_catalytic_subunit
gene-HI_1616	purK	phosphoribosylaminoimidazole_carboxylase%2C_ATPase_subunit
gene-HI_1617	aspC	aspartate_aminotransferase
gene-HI_1618	.	ABC_transporter%2C_ATP-binding_protein
gene-HI_1620	.	predicted_coding_region_HI1620
gene-HI_1621	.	conserved_hypothetical_protein
gene-HI_1622	.	predicted_coding_region_HI1622
gene-HI_1624	.	predicted_coding_region_HI1624
gene-HI_1623	merR2	mercuric_resistance_operon_regulatory_protein
gene-HI_1625	.	predicted_coding_region_HI1625
gene-HI_1626	.	conserved_hypothetical_protein
gene-HI_1627	.	conserved_hypothetical_protein
gene-HI_1628	.	conserved_hypothetical_protein
gene-HI_1629	.	dedA_protein%2C_putative
gene-HI_1630	rpL25	ribosomal_protein_L25
gene-HI_1631	.	predicted_coding_region_HI1631
gene-HI_1632	.	predicted_coding_region_HI1632
gene-HI_1633	purA	adenylosuccinate_synthetase
gene-HI_1634	dapD	2%2C3%2C4%2C5-tetrahydropyridine-2-carboxylate_N-succinyltransferase
gene-HI_1635	purR	purine_nucleotide_synthesis_repressor
gene-HI_1636	ppc	phosphoenolpyruvate_carboxylase
gene-HI_1637	.	conserved_hypothetical_protein
gene-HI_1638	sapA	peptide_ABC_transporter%2C_periplasmic-binding_protein
gene-HI_1639	sapB	peptide_ABC_transporter%2C_permease_protein
gene-HI_1640	sapC	peptide_ABC_transporter%2C_permease_protein
gene-HI_1641	sapD	peptide_ABC_transporter%2C_ATP-binding_protein
gene-HI_1642	sapF	peptide_ABC_transporter%2C_ATP-binding_protein
gene-HI_1643	.	conserved_hypothetical_protein
gene-HI_1644	truA	pseudouridylate_synthase_I
gene-HI_1645	fbp	fructose-1%2C6-bisphosphatase
gene-HI_1646	cmkB	cytidylate_kinase_2
gene-HI_1647	.	conserved_hypothetical_protein
gene-HI_1648	.	conserved_hypothetical_protein
gene-HI_1649	dld	D-lactate_dehydrogenase
gene-HI_1650	.	predicted_coding_region_HI1650
gene-HI_1651	.	predicted_coding_region_HI1651
gene-HI_1652	spr	lipoprotein
gene-HI_1654	.	conserved_hypothetical_protein
gene-HI_1655	.	antigen
gene-HI_1656	.	conserved_hypothetical_protein
gene-HI_1657	.	conserved_hypothetical_protein
gene-HI_1658	.	hemolysin%2C_putative
gene-HI_1659	nrdA	ribonucleoside-diphosphate_reductase%2C_alpha_chain
gene-HI_1660	nrdB	ribonucleoside_diphosphate_reductase%2C_beta_chain
gene-HI_1661	.	2-oxoglutarate_dehydrogenase_E2_component%2C_dihydrolipoamide_succinyltransferase(sucB
gene-HI_1662	sucA	2-oxoglutarate_dehydrogenase_E1_component
gene-HI_1663	.	conserved_hypothetical_protein
gene-HI_1664	.	conserved_hypothetical_protein
gene-HI_1665	.	predicted_coding_region_HI1665
gene-HI_1666	.	conserved_hypothetical_protein
gene-HI_1667	.	conserved_hypothetical_protein
gene-HI_1668	prc	tail_specific_protease
gene-HI_1669	.	conserved_hypothetical_protein
gene-HI_1670	.	predicted_coding_region_HI1670
gene-HI_1671	.	conserved_hypothetical_protein
gene-HI_1672	.	conserved_hypothetical_protein
gene-HI_1673	moaE	molybdopterin_converting_factor%2C_subunit_2
gene-HI_1674	moaD	molybdopterin_converting_factor%2C_subunit_1
gene-HI_1675	moaC	molybdenum_cofactor_biosynthesis_protein_C
gene-HI_1676	moaA	molybdenum_cofactor_biosynthesis_protein_A
gene-HI_1677	.	conserved_hypothetical_protein
gene-HI_1678	kpsF	kpsF_protein
gene-HI_1679	.	conserved_hypothetical_protein
gene-HI_1680	.	conserved_hypothetical_transmembrane_protein
gene-HI_1681	.	conserved_hypothetical_protein
gene-HI_1682	sohB	protease%2C_putative
gene-HI_1683	.	conserved_hypothetical_protein
gene-HI_1684	.	iron-sulfur_cluster_binding_protein
gene-HI_1685	.	conserved_hypothetical_protein
gene-HI_1686	.	conserved_hypothetical_protein
gene-HI_1687	rnfG	nitrogen_fixation_protein
gene-HI_1688	.	conserved_hypothetical_protein
gene-HI_1689	nth	endonuclease_III
gene-HI_1690	.	sodium-dependent_transporter%2C_putative
gene-HI_1691	modC	molybdenum_ABC_transporter%2C_ATP-binding_protein
gene-HI_1692	modB	molybdenum_ABC_transporter%2C_permease_protein
gene-HI_1693	modA	molybdenum_ABC_transporter%2C_periplasmic-binding_protein
gene-HI_1694	modE	molybdenum_transport_protein
gene-HI_1695	.	lipopolysaccharide_biosynthesis_protein%2C_putative
gene-HI_1696	.	lipopolysaccharide_biosynthesis_protein%2C_putative
gene-HI_1697	.	lipopolysaccharide_biosynthesis_protein%2C_putative
gene-HI_1698	.	lipopolysaccharide_biosynthesis_protein
gene-HI_1699	.	lipopolysaccharide_biosynthesis_protein%2C_putative
gene-HI_1700	.	lipopolysaccharide_biosynthesis_protein%2C_putative
gene-HI_1701	.	conserved_hypothetical_protein
gene-HI_1702	metE	5-methyltetrahydropteroyltriglutamate-homocysteine_methyltransferase
gene-HI_1703	.	conserved_hypothetical_protein
gene-HI_1704	.	conserved_hypothetical_protein
gene-HI_1705	pepA	aminopeptidase_A/I
gene-HI_1706	betT	high-affinity_choline_transport_protein
gene-HI_1707	ygiY	sensor_protein
gene-HI_1708	ygiX	transcriptional_regulatory_protein
gene-HI_1709	.	conserved_hypothetical_protein
gene-HI_1710	.	predicted_coding_region_HI1710
gene-HI_1711	crr	PTS_system%2C_glucose-specific_IIA_component
gene-HI_1712	ptsI	phosphoenolpyruvate-protein_phosphotransferase
gene-HI_1713	ptsH	phosphocarrier_protein_HPr
gene-HI_1714	.	conserved_hypothetical_protein
gene-HI_1715	.	conserved_hypothetical_protein
gene-HI_1716	rfe)%2C_putative	undecaprenyl-phosphate_alpha-N-acetylglucosaminyltransferase
gene-HI_1717	.	predicted_coding_region_HI1717
gene-HI_1718	.	predicted_coding_region_HI1718
gene-HI_1719	glnD	uridylyl_transferase
gene-HI_1720	.	conserved_hypothetical_protein
gene-HI_1721	.	transposase%2C_putative
gene-HI_1722	map	methionine_aminopeptidase
gene-HI_1723	.	conserved_hypothetical_protein
gene-HI_1724	.	conserved_hypothetical_protein
gene-HI_1725	ponB	penicillin-binding_protein_1B
gene-HI_1726	purC	phosphoribosylaminoimidazole-succinocarboxamide_synthase
gene-HI_1727	argG	argininosuccinate_synthetase
gene-HI_1728	.	conserved_hypothetical_protein
gene-HI_1729	.	conserved_hypothetical_protein
gene-HI_1730	.	conserved_hypothetical_protein
gene-HI_1731	.	conserved_hypothetical_protein
gene-HI_1733	rnb	exoribonuclease_II
gene-HI_1734	fabI	enoyl-(acyl-carrier-protein)_reductase
gene-HI_1735	prfC	peptide_chain_release_factor_3
gene-HI_1736	.	predicted_coding_region_HI1736
gene-HI_1737	.	conserved_hypothetical_protein
gene-HI_1738	.	conserved_hypothetical_protein
gene-HI_1739	metR	transcriptional_activator
gene-HI_1739.1	lctD	L-lactate_dehydrogenase
gene-HI_1739.2	murI	glutamate_racemase
gene-HI_1740	recG	ATP-dependent_DNA_helicase
gene-HI_1741	spoT	guanosine-3'%2C5'-bis(diphosphate)_3'-_pyrophosphohydrolase
gene-HI_1742	rpoZ	DNA-directed_RNA_polymerase%2C_omega_chain
gene-HI_1743	gmk	guanylate_kinase
rna-HI_r01	5S-HI_r01	5S_ribosomal_RNA
rna-HI_r02	23S-HI_r02	23S_ribosomal_RNA
rna-HI_r03	16S-HI_r03	16S_ribosomal_RNA
rna-HI_r04	5S-HI_r04	5S_ribosomal_RNA
rna-HI_r05	23S-HI_r05	23S_ribosomal_RNA
rna-HI_r06	16S-HI_r06	16S_ribosomal_RNA
rna-HI_r07	16S-HI_r07	16S_ribosomal_RNA
rna-HI_r08	23S-HI_r08	23S_ribosomal_RNA
rna-HI_r09	5S-HI_r09	5S_ribosomal_RNA
rna-HI_r10	16S-HI_r10	16S_ribosomal_RNA
rna-HI_r11	23S-HI_r11	23S_ribosomal_RNA
rna-HI_r12	5S-HI_r12	5S_ribosomal_RNA
rna-HI_r13	16S-HI_r13	16S_ribosomal_RNA
rna-HI_r14	23S-HI_r14	23S_ribosomal_RNA
rna-HI_r15	5S-HI_r15	5S_ribosomal_RNA
rna-HI_r16	5S-HI_r16	5S_ribosomal_RNA
rna-HI_r17	23S-HI_r17	23S_ribosomal_RNA
rna-HI_r18	16S-HI_r18	16S_ribosomal_RNA
rna-HI_t01	tRNA-Cys	tRNA-Cys
rna-HI_t02	tRNA-Glu	tRNA-Glu
rna-HI_t03	tRNA-Pro	tRNA-Pro
rna-HI_t04	tRNA-His	tRNA-His
rna-HI_t05	tRNA-Arg	tRNA-Arg
rna-HI_t06	tRNA-Met	tRNA-Met
rna-HI_t07	tRNA-Asp	tRNA-Asp
rna-HI_t08	tRNA-Ser	tRNA-Ser
rna-HI_t09	tRNA-Ala	tRNA-Ala
rna-HI_t10	tRNA-Val	tRNA-Val
rna-HI_t11	tRNA-Lys	tRNA-Lys
rna-HI_t12	tRNA-Leu	tRNA-Leu
rna-HI_t13	tRNA-Trp	tRNA-Trp
rna-HI_t14	tRNA-Tyr	tRNA-Tyr
rna-HI_t15	tRNA-Gly	tRNA-Gly
rna-HI_t16	tRNA-Thr	tRNA-Thr
rna-HI_t17	tRNA-Sec	tRNA-Sec
rna-HI_t18	tRNA-Ile	tRNA-Ile
